query_id,claim,recall@1,recall@2,recall@3,recall@4,recall@5,precision@1,precision@2,precision@3,precision@4,precision@5
0,ناسا ترصد أكثر من 30 نجم في السماء الدنيا سرعتهم أكبر من سرعة الصوت,0.05,0.1,0.15,0.2,0.25,1.0,1.0,1.0,1.0,1.0
1,وزير الأوقاف يدرس تقليل زمن خطبة صلاة الجمعة لسبع دقائق.,0.05,0.1,0.15,0.2,0.25,1.0,1.0,1.0,1.0,1.0
2,وزارة الصحة اللبنانية أعلنت عن تسجيل أول حالة إصابة بالكوليرا في البلاد منذ عام ,0.05,0.1,0.15,0.2,0.25,1.0,1.0,1.0,1.0,1.0
3,هيئة تكنولوجيا المعلومات والاتصالات التركية رفعت مدة تقديم طلب تقييد الهواتف غير,0.0,0.0,0.0,0.5,0.5,0.0,0.0,0.0,0.25,0.2
4,لم يصدر عن مؤتمر دعم استقرار ليبيا بيان ختامي يتضمن اجراء الانتخابات في موعدها ا,0.05,0.1,0.15,0.2,0.25,1.0,1.0,1.0,1.0,1.0
5,"يجدر بالذكر أن الأردن رشّح في الأعوام الماضية 7 أفلام، من بينها ""فرحة""، لتمثيله ",0.05,0.1,0.15,0.2,0.25,1.0,1.0,1.0,1.0,1.0
6,لقابلة التي بدلت 5 آلاف رضيع في زامبيا,0.0,0.0,0.0,0.0,0.0,0.0,0.0,0.0,0.0,0.0
7,بعد اتهامها بالتهرب من دفع ضرائب بقيمة 14.5 مليون يورو بين عامي 2012 و2014، وفقً,0.0526,0.1053,0.1579,0.2105,0.2632,1.0,1.0,1.0,1.0,1.0
8,استقالة ثلاثة رؤساء بلديات في تركيا من حزب العدالة والتنمية بسبب سياسات أردوغان ,0.05,0.1,0.15,0.2,0.25,1.0,1.0,1.0,1.0,1.0
9,كشف تقرير حديث عن ارتفاع صادرات مصر من الكهرباء إلى الأردن في العام الماضي (2021,0.05,0.1,0.15,0.2,0.25,1.0,1.0,1.0,1.0,1.0
10,- وصل إجمالي حجم التداولات في نهاية الأسبوع إلى حوالي 423.269.26 ورقة مالية، بقي,0.0526,0.1053,0.1579,0.2105,0.2105,1.0,1.0,1.0,1.0,0.8
11,تصريح لرئيس نادي بنفيكا البرتغالي، روي كوستا، يقول فيه إنّهم توقّعوا أن يدفع ناد,0.125,0.25,0.25,0.25,0.25,1.0,1.0,0.6667,0.5,0.4
12,أعلن سكان مخيم شعفاط شمال القدس المحتلة يوم الثلاثاء بدء العصيان المدني احتجاجاً,0.0,0.0,0.2,0.2,0.2,0.0,0.0,0.3333,0.25,0.2
13,جاء ذلك خلال كلمته في الاجتماع الوزاري رفيع المستوى الذي استضافه الأردن والسويد ,0.05,0.1,0.15,0.2,0.25,1.0,1.0,1.0,1.0,1.0
14,أجلت محكمة جنايات الزقازيق بمحافظة الشرقية محاكمة المتهمين بقتل مواطن بسبب نزاع ,0.05,0.1,0.15,0.2,0.25,1.0,1.0,1.0,1.0,1.0
15,المنح الالهية تتوالى على مصر، الكشف عن بحر من الغاز في مصر باحتياطي 200 تريليون ,0.0625,0.125,0.1875,0.25,0.3125,1.0,1.0,1.0,1.0,1.0
16,انكشف كذبهم… الممثّلون الذين لعبوا دور الهبوط على سطح القمر عام 1969 عندما نزعوا,0.0625,0.125,0.1875,0.1875,0.25,1.0,1.0,1.0,0.75,0.8
17,قامت مشرحة زينهم في مصر أمس بدفن 20 جثة مجهولة الهوية تم العثور عليها في محافظتي,0.1111,0.2222,0.3333,0.3333,0.3333,1.0,1.0,1.0,0.75,0.6
18,واجه منتخب مصر نظيره النيجر في 5 مباريات سابقة، حيث حقق الفراعنة الفوز في 3 مبار,0.05,0.1,0.15,0.2,0.25,1.0,1.0,1.0,1.0,1.0
19,مقطع فيديو لاعتداء الأمن المغربي على بعثة النادي الأهلي المصري في بطولة كأس العا,0.05,0.1,0.15,0.2,0.25,1.0,1.0,1.0,1.0,1.0
20,تمكنت الكتيبة 302 التابعة للقوات المسلحة، بالتعاون مع مركز شرطة النواقية، من الق,0.05,0.1,0.15,0.2,0.25,1.0,1.0,1.0,1.0,1.0
21,لماذا فشلت تجربة الإسلام السياسي في الحكم في العديد من الدول مثل مصر وتونس؟ وما ,0.1111,0.2222,0.2222,0.3333,0.4444,1.0,1.0,0.6667,0.75,0.8
22,"أول تصريح من أنغيلا ميركل على قناة دوتشه فيله الألمانية ""غريب أمر نواب تونس 10 س",0.0,0.0,0.0769,0.1538,0.2308,0.0,0.0,0.3333,0.5,0.6
23,صحيفة ماركا الإسبانية تقول “انتهت مسرحية آسيا بطلها الحكم الصيني لأول مرة في تار,0.0,0.0,0.0,0.0,0.0,0.0,0.0,0.0,0.0,0.0
24,"""القائد الأمريكي ستانلي كريس المسؤول عن استهداف تنظيم داعش في العالم كشف أن تركي",0.05,0.1,0.15,0.2,0.25,1.0,1.0,1.0,1.0,1.0
25,شينكر: لبنان حصل على 100٪ مما طلبه في ترسيم الحدود البحرية، وإسرائيل ستستفيد من ,0.05,0.1,0.15,0.2,0.25,1.0,1.0,1.0,1.0,1.0
26,تضامنآ مع صواريخ جنوب لبنان ‏بث تجريبي ل ١٠٠ صاروخ أخرين من قلب غزة,0.05,0.1,0.15,0.2,0.25,1.0,1.0,1.0,1.0,1.0
27,لحظة فتح كوبرى ٢٥ يناير بأسيوط أثناء عبور سفينة,0.05,0.1,0.15,0.2,0.25,1.0,1.0,1.0,1.0,1.0
28,تم الإفراج عن الرئيس البرازيلي الأسبق، لويس إيناسيو لولا دا سيلفا، من السجن يوم ,0.05,0.1,0.15,0.2,0.25,1.0,1.0,1.0,1.0,1.0
29,صورة لشحنة 2 طن من الكوكايين و36 سلاح ناري حُجزت، تمّ ضبطها في ميناء السنغال قاد,0.05,0.1,0.15,0.2,0.25,1.0,1.0,1.0,1.0,1.0
30,الحكم على المغني الشاب بيلو، بالسجن ثلاث سنوات وغرامة مالية تقدر بـ70 مليون سنتي,0.0,0.0,0.0,0.0,0.0,0.0,0.0,0.0,0.0,0.0
31,أسوشيتد برس: النظام السوري لن يتمكن من دفع الرواتب بعد 3 أشهر,0.0,0.0,0.0,0.0,0.0,0.0,0.0,0.0,0.0,0.0
32,"ذكرت مجموعة ""محامون من أجل العدالة"" أن نيابة السلطة في أريحا قامت بتمديد اعتقال ",0.0,0.0,0.0,0.0,0.0,0.0,0.0,0.0,0.0,0.0
33,"""احتفالات تعمّ أرجاء المملكة العربية السعودية بعد فوز المنتخب السعودي على المنتخ",0.3333,0.3333,0.3333,0.6667,0.6667,1.0,0.5,0.3333,0.5,0.4
34,بدأت روسيا عملية عسكرية لنزع السلاح في أوكرانيا صباح يوم الخميس 24 فبراير/شباط.,0.0625,0.125,0.1875,0.25,0.3125,1.0,1.0,1.0,1.0,1.0
35,لحظة انفجار بركان ساكوراجيما في اليابان، 28 يناير/كانون الثاني 2022.,0.05,0.1,0.15,0.2,0.25,1.0,1.0,1.0,1.0,1.0
36,أثار رحيل الفنان المصري سمير صبري، الذي توفي في 22 مايو 2021، جدلاً كبيراً.,0.05,0.1,0.15,0.2,0.25,1.0,1.0,1.0,1.0,1.0
37,"تسجيل مصور زعم أنه يظهر وصول ""الشيخ فهد بن راسم الصباح إلى دبي برفقة حارسه الشخص",0.05,0.1,0.15,0.2,0.25,1.0,1.0,1.0,1.0,1.0
38,لقي أربعة أشخاص مصرعهم في ولاية فلوريدا بالولايات المتحدة الأميركية، جراء إطلاق ,0.05,0.1,0.15,0.2,0.25,1.0,1.0,1.0,1.0,1.0
39,شارك محمد صلاح مع فريق ليفربول في 9 مباريات هذا الموسم ضمن مختلف البطولات، حيث س,0.0,0.0,0.0,0.0,0.0,0.0,0.0,0.0,0.0,0.0
40,بدأ الموجة الثانية لفيروس كورونا واستقبال خمس أضعاف أعداد المرضى في مصر,0.0526,0.1053,0.1579,0.2105,0.2632,1.0,1.0,1.0,1.0,1.0
41,16 أكتوبر 2022 - طرابلس (وال): أعلنت النقابة العامة للإعلاميين الرياضيين عن اختي,0.0,0.0,0.0,0.0,0.0,0.0,0.0,0.0,0.0,0.0
42,صرّح الرئيس الأميركي دونالد ترامب، عن عدم وجود إصابات في صفوف الجيش الأميركي في ,0.0,0.0,0.0,0.0,0.0667,0.0,0.0,0.0,0.0,0.2
43,بحلول نهاية عام 2017، دعم 14 عضوًا قرارًا يدين اعتراف واشنطن بشكل أحادي بالقدس ع,0.05,0.1,0.15,0.2,0.25,1.0,1.0,1.0,1.0,1.0
44,نجحت قوات الحماية المدنية بالجيزة في إخماد حريق اندلع داخل محل تجاري بالحي الساد,0.0,0.0,0.0,0.0,0.0,0.0,0.0,0.0,0.0,0.0
45,تراجعت العقود الآجلة لكل من خام برنت وغرب تكساس الوسيط يوم الجمعة الماضي بحوالي ,0.05,0.1,0.15,0.2,0.25,1.0,1.0,1.0,1.0,1.0
46,أفاد رئيس جمعية الهلال الأحمر الإيراني، كريم همتي، اليوم الخميس، بإرسال طائرتين ,0.0,0.0,0.0,0.0,0.0,0.0,0.0,0.0,0.0,0.0
47,اردوغان هدد اسرائيل وضرب شمال سوريا قبل قليل قتل 20 مدني سوري في غارة بالطيران.,0.0556,0.0556,0.1111,0.1667,0.2222,1.0,0.5,0.6667,0.75,0.8
48,مقطع فيديو انتشر حديثًا للملازم أول ماجد بن فلاح الدويش حين ذكر أنه نجح بإسقاط ث,0.0526,0.1053,0.1579,0.2105,0.2632,1.0,1.0,1.0,1.0,1.0
49,صورة لمواطن جزائري من ولاية سطيف رزق بثلاثة أطفال، بعد عشر سنوات من الانتظار. ون,0.0625,0.125,0.1875,0.25,0.3125,1.0,1.0,1.0,1.0,1.0
50,مقطع فيديو يظهر استعراض الطيران الإيطالي، عقب فوز منتخب إيطاليا بلقب بطولة كأس أ,0.05,0.1,0.15,0.2,0.25,1.0,1.0,1.0,1.0,1.0
51,تقدم «المصري اليوم» في نشرتها الفنية اليومية أبرز الأحداث الفنية التي شهدتها مصر,0.0,0.0,0.0,0.0,0.25,0.0,0.0,0.0,0.0,0.2
52,عُقدت اليوم السبت ورشة في مركز شابات جديتا بلواء الكورة، تناولت دور الأسرة وتحدي,0.0,0.0,0.0,0.0,0.0,0.0,0.0,0.0,0.0,0.0
53,طرابلس 06 أكتوبر 2022 (وال)- عبد الحميد الدبيبة، رئيس حكومة الوحدة الوطنية، اجتم,0.05,0.1,0.15,0.2,0.25,1.0,1.0,1.0,1.0,1.0
54,نظّمت مدينة تاراجونا في إسبانيا مسابقة الهرم البشري الشهيرة لأول مرة منذ انتشار ,0.05,0.1,0.15,0.2,0.25,1.0,1.0,1.0,1.0,1.0
55,انهيار المشفى الذي تم انشائه في 10 ايام في الصين لعلاج مرضى الكورونا,0.0,0.0,0.0,0.0,0.0,0.0,0.0,0.0,0.0,0.0
56,ناسا تخبر بأن الأرض ستشهد 3 أيام ظلام ابتداءا من 21 كانون الثاني / ديسمبر.,0.05,0.1,0.15,0.2,0.25,1.0,1.0,1.0,1.0,1.0
57,أجلت طائرة مملوكة لوزارة الطوارئ الروسية، اليوم الخميس، 64 شخصًا روسيًا من قطاع ,0.05,0.1,0.15,0.2,0.25,1.0,1.0,1.0,1.0,1.0
58,فاز ملف قطر بحق استضافة بطولة أمم آسيا 2023 كما أعلن الاتحاد الآسيوي صباح اليوم ,0.0714,0.1429,0.1429,0.2143,0.2857,1.0,1.0,0.6667,0.75,0.8
59,صورة من مطار شرم الشيخ في مصر: وصول 17 ألف سائح على متن 115 رحلة طيران حديثًا.,0.0526,0.1053,0.1579,0.2105,0.2632,1.0,1.0,1.0,1.0,1.0
60,أعلنت وزارة الخارجية التركية اليوم السبت أن تركيا تعتبر نفسها غير قادرة على الاع,0.0556,0.1111,0.1667,0.2222,0.2778,1.0,1.0,1.0,1.0,1.0
61,مقطع فيديو لاشتعال النيران في مبنى مكون من 50 طابقًا في تل أبيب خلال الحرب الإسر,0.05,0.1,0.15,0.2,0.25,1.0,1.0,1.0,1.0,1.0
62,صحافيّ جزائريّ يهدد آخر بالقتل لأنه وصف تنظيم بطولة شان 2022 في الجزائر “بالفشل”,0.05,0.1,0.15,0.2,0.25,1.0,1.0,1.0,1.0,1.0
63,فيديو يوثق القبض على طفل يمني عمره 14 سنة، يقاتل في السودان خلال الاشتباكات الأخ,0.0526,0.1053,0.1579,0.1579,0.2105,1.0,1.0,1.0,0.75,0.8
64,الأمير محمد بن سلمان والشيخ محمد بن زايد، في جولة بالسيارة في الرياض التي وصلها ,0.05,0.1,0.15,0.2,0.25,1.0,1.0,1.0,1.0,1.0
65,صورتان لشاحنة جزائرية تعرضت للقصف، يوم أمس السبت 28 يناير/كانون الثاني، بطائرة م,0.0,0.0,0.0,0.0,0.0,0.0,0.0,0.0,0.0,0.0
66,قائد فيلق القدس يتوعد بضرب أميركا 1000 صاروخ عياش ليقطع رأس الأفعى إسرائيل، ويعد,0.05,0.1,0.15,0.2,0.25,1.0,1.0,1.0,1.0,1.0
67,أنا كفلسطيني عملت لسنوات طويلة واعتبرت فرنسا شريكًا في صنع السلام، وشاركت في عام,0.05,0.1,0.15,0.2,0.25,1.0,1.0,1.0,1.0,1.0
68,وزارة الخارجية الروسية أعلنت اليوم الاثنين عن طرد 40 دبلوماسياً ألمانياً من أراض,0.05,0.1,0.15,0.2,0.25,1.0,1.0,1.0,1.0,1.0
69,تغلب منتخب أستراليا على منتخب نيوزيلندا 1-0 اليوم الخميس في آخر مباراة ودية للفر,0.05,0.1,0.15,0.2,0.25,1.0,1.0,1.0,1.0,1.0
70,"بعد مرور عشرين عامًا على هجمات 11 سبتمبر، تستمر الولايات المتحدة في ""الحرب على ا",0.05,0.1,0.15,0.2,0.25,1.0,1.0,1.0,1.0,1.0
71,رسميًّا: منتصر الطالبي في المرتبة الأولى كأفضل مدافع في الكان ويحتل المرتبة 12 ل,0.0,0.0667,0.1333,0.1333,0.2,0.0,0.5,0.6667,0.5,0.6
72,سلطنة عُمان تفرض غرامة مالية قيمتها 2 مليون دينار تونسي لمن يدعي أنّ لديه علاجاً,0.05,0.1,0.15,0.2,0.25,1.0,1.0,1.0,1.0,1.0
73,الاتحاد الدولي لكرة القدم يدرس إجراء أربعة تعديلات على قوانين كرة القدم.,0.0,0.0833,0.1667,0.25,0.3333,0.0,0.5,0.6667,0.75,0.8
74,تحصل النساء العاملات في شرق ألمانيا على أجور تزيد في المتوسط بمقدار 82 يورو مقار,0.05,0.1,0.15,0.2,0.25,1.0,1.0,1.0,1.0,1.0
75,تعويضات صينية 35 مليون دولار للمتضرر من الصاروخ,0.05,0.1,0.15,0.2,0.25,1.0,1.0,1.0,1.0,1.0
76,صوّتت غالبية أعضاء برلمان إقليم كردستان العراق لصالح قانون تمديد الدورة البرلمان,0.0526,0.1053,0.1579,0.2105,0.2632,1.0,1.0,1.0,1.0,1.0
77,يمكنكم متابعة مباراة الكلاسيكو بين برشلونة وريال مدريد بشكل مباشر وحصري على قناة,0.0,0.0833,0.1667,0.25,0.25,0.0,0.5,0.6667,0.75,0.6
78,بنزيما أصبح ثاني لاعب في تاريخ ريال مدريد يسجل هاتريك في الكلاسيكو ضد برشلونة بع,0.0526,0.1053,0.1579,0.2105,0.2632,1.0,1.0,1.0,1.0,1.0
79,فرنسا قررت طباعة صورة الفنان الأرمني الفرنسي شارل أزنافور على عملة ورقية بقيمة 1,0.05,0.1,0.15,0.2,0.25,1.0,1.0,1.0,1.0,1.0
80,صورة من الذكرى الثانية للحراك الجزائري 22 فبراير/شباط 2021.,0.0,0.0,0.0,1.0,1.0,0.0,0.0,0.0,0.25,0.2
81,أعلنت لجنة أطباء السودان المركزية، يوم الثلاثاء، عن إصابة 73 متظاهراً خلال احتجا,0.05,0.1,0.15,0.2,0.25,1.0,1.0,1.0,1.0,1.0
82,الرئيس عبد الفتاح السيسي وافق على بناء معبد يهودي في العاصمة الإدارية الجديدة بت,0.0,0.0,0.0,0.0,0.1111,0.0,0.0,0.0,0.0,0.2
83,يقوم بنك مصر بتوفير خدمة تقسيط مصاريف المدارس لعملائه من حاملي البطاقات الائتمان,0.0,0.0,0.0,0.0,0.0,0.0,0.0,0.0,0.0,0.0
84,فُقد شخص واحد وأصيب أربعة آخرون بجروح وحروق بدرجات مختلفة بسبب الانفجار والحريق ,0.05,0.1,0.15,0.2,0.25,1.0,1.0,1.0,1.0,1.0
85,في ديسمبر/ كانون الأول من عام 2010، نفذ رجل عملية انتحارية في وسط ستوكهولم، وقُت,0.05,0.1,0.15,0.2,0.25,1.0,1.0,1.0,1.0,1.0
86,مصرف #سوريا المركزي يحدد سعر الدولار بـ 2525 ليرة سورية بينما يتجاوز سعره في الس,1.0,1.0,1.0,1.0,1.0,1.0,0.5,0.3333,0.25,0.2
87,"عودة جوني ديب لأداء شخصية ""جاك سبارو"" مقابل 301 مليون دولار",0.5,0.5,1.0,1.0,1.0,1.0,0.5,0.6667,0.5,0.4
88,تجدر الإشارة إلى أن حفل توزيع جوائز الأوسكار سيُقام في 9 فبراير القادم في لوس أن,0.05,0.1,0.15,0.2,0.25,1.0,1.0,1.0,1.0,1.0
89,الوكيل الإخباري – توجت الجزائر بلقب كأس أمم أفريقيا 2019 بعد تحقيق الفوز في المب,0.05,0.1,0.15,0.2,0.25,1.0,1.0,1.0,1.0,1.0
90,بعد المساعدات و الأسلحة التي قدّمها المغرب إلى الكيان الصّـهيوني ونزول 4 طائرات ,0.05,0.1,0.15,0.2,0.25,1.0,1.0,1.0,1.0,1.0
91,نجاح التلميذتين الشقيقتين من ولاية تمنراست الجزائرية في شهادة البكالوريا “الثانو,0.0556,0.1111,0.1667,0.2222,0.2778,1.0,1.0,1.0,1.0,1.0
92,مقطع فيديو لناقلة الجند وآثار العملية التي قُتل فيها ثمانية جنود إسرائيليين خلال,0.0769,0.1538,0.2308,0.3077,0.3846,1.0,1.0,1.0,1.0,1.0
93,صورة لفتاة بريطانية وضعت مولودها الأول بسن الـ11 عامًا بتاريخ 27 يونيو/حزيران 20,0.05,0.1,0.15,0.2,0.25,1.0,1.0,1.0,1.0,1.0
94,صرّح سلامة الجبالي، ممثل قطاع السيارات والآليات الثقيلة ولوازمها في غرفة تجارة ا,0.05,0.1,0.15,0.2,0.25,1.0,1.0,1.0,1.0,1.0
95,"كشفت ""خلية الإعلام الأمني"" في ""العراق""، اليوم الخميس، عن إصابة عدد من المدنيين و",0.0,0.0,0.0,0.0,0.0,0.0,0.0,0.0,0.0,0.0
96,تقع قرية (وكان) في سلطنة عمان يصوم أهلها ثلاث ساعات فقط، حيث تشرق الشمس فيها 11 ,0.05,0.1,0.15,0.2,0.25,1.0,1.0,1.0,1.0,1.0
97,ثم تسافر الفتاة مع أخيها في رحلتها إلى طهران لتقطع مسافة ٦٠٠ كيلومتر إلى الموقع ,0.0526,0.1053,0.1579,0.2105,0.2105,1.0,1.0,1.0,1.0,0.8
98,أستراليا تودع عام 2020 بحرائق كبيرة وآلاف السكان يغادرون منازلهم.,0.0526,0.1053,0.1579,0.2105,0.2632,1.0,1.0,1.0,1.0,1.0
99,تقام المرحلة النهائية من دوري المحترفين للرياضات الإلكترونية في الشرق الأوسط وشم,0.0526,0.0526,0.1053,0.1579,0.2105,1.0,0.5,0.6667,0.75,0.8
100,اليوم السابع تنشر استطلاع رأي يفيد برضاء 92% من المصريين عن السيسي.,0.05,0.1,0.15,0.2,0.25,1.0,1.0,1.0,1.0,1.0
101,في اجتماع دافوس 2024 احد المشاركين في المنتدى الاقتصادي العالمي يفعل ما لا يمكن ,0.0,0.0,0.0,0.125,0.25,0.0,0.0,0.0,0.25,0.4
102,"راشد الغنوشي ""15 برلمانيًّا أوروبيًّا سيشهدون على عودة البرلمان للعمل الأسبوع ال",0.0526,0.1053,0.1579,0.2105,0.2632,1.0,1.0,1.0,1.0,1.0
103,"ترامب قبل أربع سنوات يقول: ""تجمع المسلمين حول الكعبة في هذا المكان بهذا الشكل يز",0.0714,0.0714,0.1429,0.2143,0.2857,1.0,0.5,0.6667,0.75,0.8
104,ألف سوري حصلوا على الجنسية التركية,0.05,0.1,0.15,0.2,0.25,1.0,1.0,1.0,1.0,1.0
105,صورة لاحتفال كريستيانو رونالدو بالهدف الأول لبرونو فرنانديز في مباراة البرتغال ض,0.0588,0.1176,0.1765,0.2353,0.2941,1.0,1.0,1.0,1.0,1.0
106,"الصورة الشهيرة التي التقطت في مثل هذا اليوم عام 1930 لـ ""هوغي""، وحش بحيرة +هوغان",0.05,0.1,0.15,0.2,0.25,1.0,1.0,1.0,1.0,1.0
107,امرأة في الهند تلـد 11 طفلا وتحطم رقم جينيس القياسي,0.05,0.1,0.15,0.2,0.25,1.0,1.0,1.0,1.0,1.0
108,صورة لعصابة تخطف البنات والأطفال، تحت تأثير المخدر ثم تسرق الأعضاء من أجسادهم، ب,0.05,0.1,0.15,0.2,0.25,1.0,1.0,1.0,1.0,1.0
109,المحاكم في ليبيا تُعلن عن 276 حالة طلاق، منذ بداية شهر رمضان الجاري.,0.05,0.1,0.15,0.2,0.25,1.0,1.0,1.0,1.0,1.0
110,ليبيا – صرّح مدير شركة الخدمات العامة طرابلس محمد إسماعيل بخصوص أزمة مياه الأمطا,0.0526,0.1053,0.1579,0.1579,0.2105,1.0,1.0,1.0,0.75,0.8
111,فيديو لابنة تشارلي شابلن، التي احتفظت بعصا والدها 70 سنة، ثم يأتي هذا المهبول وي,0.0,0.0625,0.125,0.1875,0.25,0.0,0.5,0.6667,0.75,0.8
112,٣٤٣ مليون يورو كلفة مساهمة لبنان بالمحكمة الدولية,0.0556,0.1111,0.1667,0.2222,0.2778,1.0,1.0,1.0,1.0,1.0
113,اليوم هو أول كسوف يحدث في الجزيرة العربية منذ مئة عام ويسمى بالكسوف الحلقي,0.1,0.1,0.2,0.2,0.3,1.0,0.5,0.6667,0.5,0.6
114,طبيبان سوريان يستريحان على الأرض في إحدى المستشفيات الحكومية في العاصمة دمشق، بع,0.1,0.1,0.2,0.3,0.3,1.0,0.5,0.6667,0.75,0.6
115,أربعة أشخاص يعلنون إسلامهم في كأس العالم أمام الدكتور ذاكر نايك,0.0,0.0,0.0,0.0,0.0,0.0,0.0,0.0,0.0,0.0
116,صرّح والي إسطنبول علي يرلي قايا، يوم السبت، بأن أكثر من 10 ملايين سائح أجنبي قام,0.0,0.0,0.0,0.0,0.0,0.0,0.0,0.0,0.0,0.0
117,كشفت الفنانة الأردنية نداء شرارة عن وفاة شقيقها البالغ من العمر 26 عاماً صباح ال,0.05,0.1,0.15,0.2,0.25,1.0,1.0,1.0,1.0,1.0
118,عثرت الوحدات الأمنية التونسية، مساء الخميس، على 15 جثة متحللة يُعتقد أنها تعود ل,0.05,0.1,0.15,0.2,0.25,1.0,1.0,1.0,1.0,1.0
119,برقية تعزية ومواساة من جلالة الملك إلى رئيس الوزراء الإسرائيلي بنيامين نتنياهو، ,0.0,0.0526,0.1053,0.1579,0.2105,0.0,0.5,0.6667,0.75,0.8
120,المدير التنفيذي لشركة سيمنس الألمانية، كريستيان بروخ، يقول إنّ “ما يحدث للشبكة ا,0.0,0.0769,0.1538,0.2308,0.3077,0.0,0.5,0.6667,0.75,0.8
121,افتتاح إجازات عيد الفطر من تركيا إلى سوريا بتاريخ 10 آذار الجاري,0.05,0.1,0.15,0.2,0.25,1.0,1.0,1.0,1.0,1.0
122,قررت شركة الخطوط الجوية التركية إلغاء جميع رحلاتها المقررة إلى كازاخستان حتى 9 ي,0.05,0.1,0.15,0.2,0.25,1.0,1.0,1.0,1.0,1.0
123,الديوان الملكي السعودي يعلن وفاة الملك سلمان بن عبدالعزيز آل سعود عن عمر ناهز ال,0.05,0.1,0.15,0.2,0.25,1.0,1.0,1.0,1.0,1.0
124,الفنان ميلاد يوسف يتعرض للضرب إثر مشاجرة مع 4 شباب في منطقة المزة في دمشق,0.05,0.1,0.15,0.2,0.25,1.0,1.0,1.0,1.0,1.0
125,جاء ذلك بالتزامن مع إعلان المكتب الاتحادي للإحصاء في ألمانيا عن ارتفاع معدل التض,0.05,0.1,0.15,0.2,0.25,1.0,1.0,1.0,1.0,1.0
126,سجل فريق أسمنت أسيوط هدف التقدم في الدقيقة الثانية من المباراة، وأحرز محمد العطا,0.0,0.0,0.0,0.0,0.0,0.0,0.0,0.0,0.0,0.0
127,"قال رئيس البنك الدّولي في إحدى المؤتمرات ""عندما أعلنت عن منحة 10 مليار دولار للد",0.0,0.0833,0.0833,0.1667,0.25,0.0,0.5,0.3333,0.5,0.6
128,"صرح عبد الجليل عبر برنامج الريمونتادا على قناة المحور قائلاً: ""أعطي منتخب مصر تق",0.05,0.1,0.15,0.2,0.25,1.0,1.0,1.0,1.0,1.0
129,مباراة ليفربول ضد مانشستر سيتي تُقام في تمام الساعة 5:30 مساءً وتُبث على قناة be,0.0,0.0,0.0,0.0,0.0,0.0,0.0,0.0,0.0,0.0
130,صورة الشاب عبد الرحمن أبو جعفر الذي استقبل الأسيرين أيهم كمنجي ومناضل نفيعات في ,0.0,0.0,0.0,0.0,0.0,0.0,0.0,0.0,0.0,0.0
131,أعلن الهلال الأحمر الليبي عن انتشال جثث 22 مهاجراً قبالة سواحل مدينة زوارة بغرب ,0.05,0.1,0.15,0.2,0.25,1.0,1.0,1.0,1.0,1.0
132,يتم صب 14 مليار متر مكعب من الخرسانة سنوياً، وفقاً للجمعية العالمية للأسمنت والخ,0.05,0.1,0.15,0.2,0.25,1.0,1.0,1.0,1.0,1.0
133,قضت محكمة جنايات القاهرة برئاسة المستشار وجدى عبدالمنعم بمعاقبة متهم بالسجن 15 س,0.0,0.0,0.1667,0.1667,0.1667,0.0,0.0,0.3333,0.25,0.2
134,قتلت طفلة وأُصيب اثنان من أشقائها، إثر انفجار لغم من مخلفات ميليشيات الحوثي الإر,0.0,0.0,0.0,0.0,0.0,0.0,0.0,0.0,0.0,0.0
135,الاحصائيات الديموغرافية لسكان كوكب الارض حسب الامم المتحدة لسنة 2019 بلغ سكان ال,0.0556,0.1111,0.1111,0.1667,0.2222,1.0,1.0,0.6667,0.75,0.8
136,مساعدات مالية بقيمة ٥٠٠٠ دولار (الارسال عبر الويسترن MTCN) مقدمة من مؤسسة الوفاء,0.05,0.1,0.15,0.2,0.25,1.0,1.0,1.0,1.0,1.0
138,هيونج مين سون نجم توتنهام وصلاح كانا هدافي البريميرليج في الموسم الماضي برصيد 23,0.05,0.1,0.15,0.2,0.25,1.0,1.0,1.0,1.0,1.0
139,صحيفة ذا واشنطن تايمز نشرت خبر فوز آل غور على جورج بوش في الانتخابات الأميركية ع,0.05,0.1,0.15,0.2,0.25,1.0,1.0,1.0,1.0,1.0
140,كما تم تكريم البنك المركزي المصري لوصوله إلى المرحلة النهائية - من بين 3 دول - ف,0.0,0.0,0.0,0.0,0.0,0.0,0.0,0.0,0.0,0.0
141,اشتهر جوناثان ريتشز، المولود عام 1976 في ولاية بنسلفانيا الأمريكية، بسجله الحافل,0.05,0.1,0.15,0.2,0.25,1.0,1.0,1.0,1.0,1.0
142,مقطع فيديو لتساقط الثلوج في مطار الملكة علياء في الأردن يوم 20 ديسمبر/كانون الأو,0.0526,0.1053,0.1579,0.2105,0.2632,1.0,1.0,1.0,1.0,1.0
143,المقاومة الفلسطينية تطلع صاروخ باتجاه طائرة اسرائيلية تحمل 5 ضباط,0.05,0.1,0.15,0.2,0.25,1.0,1.0,1.0,1.0,1.0
144,‏ساديو ماني: نحن الأفارقة نعاني من العنصرية المقيتة، ولا يشجّعنا أحد رغم أننا نم,0.0526,0.1053,0.1579,0.2105,0.2632,1.0,1.0,1.0,1.0,1.0
145,فيديو لاستسلام 300 عنصر من قوات الدعم السريع للجيش السوداني، في مدينة بحري، حديث,0.05,0.1,0.15,0.2,0.25,1.0,1.0,1.0,1.0,1.0
146,لبنان يتقدم عشرة مراكز في التصنيف الشهري للاتحاد الدولي لكرة السلة بعد انتهاء ال,0.05,0.1,0.15,0.2,0.25,1.0,1.0,1.0,1.0,1.0
147,هل ستبقى نسبة كبيرة من سكان العا دون لقاح حتى عام 2022,0.0,0.0,0.0,0.1429,0.2857,0.0,0.0,0.0,0.25,0.4
148,مقطع فيديو لمفيد فوزي وهو يوجه رسالة للرئيس المصري، عن غلاء الأسعار في مصر في 20,0.05,0.1,0.15,0.2,0.25,1.0,1.0,1.0,1.0,1.0
149,"""ألغيت مباراة في كرة القدم بالمملكة المتحدة في 25 ديسمبر 1937 بعد وقت قصير من ان",0.0,0.0,0.0,0.0,0.0,0.0,0.0,0.0,0.0,0.0
151,رفض شاب عرض ب30 مليون دولار لشركة موسيقى بعد اسلامه,0.0588,0.0588,0.1176,0.1765,0.2353,1.0,0.5,0.6667,0.75,0.8
152,مواليد 9 فبراير/شباط الجاري، يحصلون على وظيفة محجوزة في الإمارات عندما يكبرون، و,0.05,0.1,0.15,0.2,0.25,1.0,1.0,1.0,1.0,1.0
153,من بين 418 حراقة الذين وصلوا أمس إلى إسبانيا طبيب جراح في أحسن منظومة صحيّة,0.0714,0.1429,0.2143,0.2143,0.2143,1.0,1.0,1.0,0.75,0.6
154,طريق موقت في اليابان استغرق شقّه 24 ساعة,0.0526,0.1053,0.1579,0.2105,0.2632,1.0,1.0,1.0,1.0,1.0
155,إلغاء التوقيت الصيفي 2024 يوم الجمعة بقرار رسمي بعد تطبيق غلق المحلات الساعة 10,0.0625,0.125,0.1875,0.1875,0.25,1.0,1.0,1.0,0.75,0.8
156,رئيس الوزراء البريطاني بوريس جونسون صرح بأن الوضع في أوكرانيا قد يتسبب في أكبر ح,0.05,0.1,0.15,0.2,0.25,1.0,1.0,1.0,1.0,1.0
157,مجلة سيدتي تتحدّث عن فايروس كورونا عام 2013، وتعدّد الدول التي سوف ينتشر فيها ال,0.05,0.1,0.15,0.2,0.25,1.0,1.0,1.0,1.0,1.0
158,الأسد اشترى لزوجته لوحة (سبلاش) بـ 30 مليون دولار,0.0,0.1111,0.2222,0.2222,0.3333,0.0,0.5,0.6667,0.5,0.6
159,300 قتيل فى ألمانيا بسبب تصادم قطارين.,0.05,0.1,0.15,0.2,0.25,1.0,1.0,1.0,1.0,1.0
160,الأسير أيهم كممجي يظهر في فيديو على مواقع التواصل الاجتماعي، بعد عمليّة الفرار ا,0.0,0.0,0.0,0.0,0.0,0.0,0.0,0.0,0.0,0.0
161,قُتل خمسة أشخاص وأصيب 13 آخرون نتيجة اشتباك بين مجموعات مسلحة في مدينة الزاوية ب,0.05,0.1,0.15,0.2,0.25,1.0,1.0,1.0,1.0,1.0
162,السلطات الهولندية سحبت الجنسية الهولندية من 6 سوريين بسبب زيارتهم إلى سوريا,0.05,0.1,0.15,0.2,0.25,1.0,1.0,1.0,1.0,1.0
163,أفادت السلطات المحلية بأن طائرة هليكوبتر عسكرية فرنسية سقطت يوم الأربعاء بالقرب ,0.05,0.1,0.15,0.2,0.25,1.0,1.0,1.0,1.0,1.0
164,أصدرت صحيفة التايمز البريطانية تصنيف الجامعات لعام 2023، وتقدمت جامعة بورسعيد 20,0.05,0.1,0.15,0.2,0.25,1.0,1.0,1.0,1.0,1.0
165,محامية بريطانية صممت فستان زفاف بأكثر من 1500 ورقة طلاق.,0.05,0.1,0.15,0.2,0.25,1.0,1.0,1.0,1.0,1.0
166,قالت وزارة الدفاع الروسية، اليوم الأحد، إنها دمرت 2203 أهداف عسكرية منذ انطلاق ا,0.05,0.1,0.15,0.2,0.25,1.0,1.0,1.0,1.0,1.0
167,صرح النجم بول بوجبا عن استعدادات فريق فرنسا لبطولة يورو 2020 وأهمية وجود كريم بن,0.0,0.0,0.0,0.0,0.0,0.0,0.0,0.0,0.0,0.0
168,سجع من كتاب عظائم الدهور لأبي علي الدبيزي، المنشور عام 565 من الهجرة، يتنبّأ بان,0.05,0.1,0.15,0.2,0.25,1.0,1.0,1.0,1.0,1.0
169,على النقيض، وكما أشير سابقًا، انشغل لبنان بإضاعة الوقت بين عامي 2009 و2022 دون ت,0.05,0.1,0.15,0.2,0.25,1.0,1.0,1.0,1.0,1.0
170,وأصدرت المحكمة حكمًا بالسجن لمدة 3 سنوات على فارس سلال، ابن عبد المالك سلال، حسب,0.05,0.1,0.15,0.2,0.25,1.0,1.0,1.0,1.0,1.0
171,منحت جامعة أريزونا مدير مركز ستيل لأبحاث الأطفال في الجامعة، الطبيب الأردني فايز,0.05,0.1,0.15,0.2,0.25,1.0,1.0,1.0,1.0,1.0
172,إقامة أول قداس مسيحي رسمي في السعودية يوم الجمعة 8 أكتوبر/تشرين الأول الجاري.,0.05,0.1,0.15,0.2,0.25,1.0,1.0,1.0,1.0,1.0
173,استدعت السلطات البريطانية السفير الروسي في لندن أندريه كيلين، للاعتراض على قرار ,0.05,0.1,0.15,0.2,0.25,1.0,1.0,1.0,1.0,1.0
174,تعلن دولة قطرعن حاجتها ل250 الف شخص للعمل في منشأت ومرافق كاس العالم 2022 (موندي,0.05,0.1,0.15,0.2,0.25,1.0,1.0,1.0,1.0,1.0
175,هل تمتلك تركيا 45 ألف طائرة مسيّرة,0.0556,0.1111,0.1667,0.2222,0.2778,1.0,1.0,1.0,1.0,1.0
176,سعر الهاتف بالدولار الأمريكي 445 دولاراً أمريكياً. سعر الهاتف في مصر 7000 جنيه م,0.0,0.0,0.0,0.0,0.0,0.0,0.0,0.0,0.0,0.0
177,شاب تونسي منقذ اسمه عبد العالي، أنقذ 13 طفلاً ينتمون لمُخيم صيفي من الغرق، بينهم,0.05,0.1,0.15,0.2,0.25,1.0,1.0,1.0,1.0,1.0
178,تقع مكاتب البريد التي توفر كراسات شروط وحدات «سكن لكل المصريين 3» في محافظة الجي,0.0625,0.125,0.1875,0.25,0.3125,1.0,1.0,1.0,1.0,1.0
179,قطر تقوم بصناعة (144) نسخة مُقلدة من كأس العالم وتضعهم في أماكن مختلفة من أجل ال,0.05,0.1,0.15,0.2,0.25,1.0,1.0,1.0,1.0,1.0
180,مقطع فيديو من تغطية إعلامية لقناة عبرية تفيد بتمرد أربعة عمداء في سلاح الجو الإس,0.0909,0.1818,0.1818,0.2727,0.2727,1.0,1.0,0.6667,0.75,0.6
181,اقتراب كوكب نيبيرو من الأرض 2020,0.05,0.1,0.15,0.2,0.25,1.0,1.0,1.0,1.0,1.0
182,قام الصندوق بتقديم دعم بقيمة 4.2 مليون دولار لصندوق الأردن الصحي للاجئين بهدف تخ,0.05,0.1,0.15,0.2,0.25,1.0,1.0,1.0,1.0,1.0
183,غياب وئام المحرشي، أصغر نائبة برلمانية في المغرب، عن مجلس النواب منذ 4 يناير/كان,0.0588,0.1176,0.1176,0.1765,0.2353,1.0,1.0,0.6667,0.75,0.8
184,توصل صندوق النقد الدولي إلى اتفاق مع تونس لمنح تمويل بقيمة حوالي 1.9 مليار دولار,0.05,0.1,0.15,0.2,0.25,1.0,1.0,1.0,1.0,1.0
185,قتل طيران التحالف الدولي، اليوم الاربعاء 17-7-2019 ، عنصرين من تنظيم داعش في غار,0.0,0.0,0.0,0.0,0.0,0.0,0.0,0.0,0.0,0.0
186,أفادت وزارة الدفاع الروسية، الجمعة، بأن العملية العسكرية الروسية في أوكرانيا أدت,0.05,0.1,0.15,0.2,0.25,1.0,1.0,1.0,1.0,1.0
187,أبدى الأردن، يوم الأحد، أسفه لعدم تجديد الهدنة في اليمن التي انتهت في 2 أكتوبر/ت,0.0,0.0,0.3333,0.3333,0.3333,0.0,0.0,0.3333,0.25,0.2
188,"أصدرت دار الساقي مؤخرًا رواية ""وشائج ماء"" للكاتب السعودي عبده خال، الذي يعتبر من",0.05,0.1,0.15,0.2,0.25,1.0,1.0,1.0,1.0,1.0
189,الصحة العراقية تفرض حظرا للتجول لغير الملقحين بدء من 9/1 الى 10/1,0.05,0.1,0.15,0.2,0.25,1.0,1.0,1.0,1.0,1.0
190,صورة لقط موجود في ليبيا عمره 39 عامًا وهذا شيء نادر جدًّا، لأن عمر القطط لا يتجا,0.05,0.1,0.15,0.2,0.25,1.0,1.0,1.0,1.0,1.0
191,إندلاع أعمال شغب ومواجهات بين شرطة النظام العسكري الجزئري ومجموعة من الأحرار الذ,0.0556,0.1111,0.1667,0.2222,0.2778,1.0,1.0,1.0,1.0,1.0
192,وزارة الصحة العراقيه تمنح تعويض 7 مليون لكل شخص قام باللقاح كورونا,0.05,0.1,0.15,0.2,0.25,1.0,1.0,1.0,1.0,1.0
193,صورة دبابة من فرقة الدبابات الملكية النسائية (WRTC) التي شُكّلت خلال الحرب العال,0.0556,0.1111,0.1667,0.2222,0.2778,1.0,1.0,1.0,1.0,1.0
195,الأمم اتحدة تعلن وفاة 15 طفلاً فقط في مخيم الركبان,0.0,0.0,0.0,0.0,0.0,0.0,0.0,0.0,0.0,0.0
196,كشفت الرئاسة المصرية عن تخصيص عبد الفتاح السيسي مبلغ 500 مليون دولار لدعم جهود إ,0.0,0.0,0.0,0.0,0.0,0.0,0.0,0.0,0.0,0.0
197,محمود عباس: إيران أطلقت 400 صاروخ قتلت فقط فلسطينيًّا بريئًا واحدًا، ولم تقتل اي,0.05,0.1,0.15,0.2,0.25,1.0,1.0,1.0,1.0,1.0
198,إيران تفرض ضريبة العزوبية على من بلغت أعمارهم 28 عاماً دون أن يتزوجوا.,0.0526,0.0526,0.1053,0.1579,0.2105,1.0,0.5,0.6667,0.75,0.8
199,صورة لسمكة شفافة نادرة اصطيدت في شاطئ بانياس السوري، تصل قيمتها إلى 500 مليون لي,0.05,0.1,0.15,0.2,0.25,1.0,1.0,1.0,1.0,1.0
200,يدخل مانشستر سيتي المباراة على أرضه وفي رصيده 17 نقطة تضعه في المركز الثاني، فيم,0.05,0.1,0.15,0.2,0.25,1.0,1.0,1.0,1.0,1.0
201,لحظة قصف أوكرانيا بأكثر من 1000 صاروخ خلال 15 ثانية في قصف روسي براجمات متطورة,0.05,0.1,0.15,0.2,0.25,1.0,1.0,1.0,1.0,1.0
202,صورة لاستقال أمير قطر تميم بن حمد، لاعب كرة القدم الألماني مسعود أوزيل خلال موند,0.05,0.1,0.15,0.2,0.25,1.0,1.0,1.0,1.0,1.0
203,في تطور لافت، قامت رئيسة نيبال بيديا ديفي بهانداري بحل البرلمان منتصف ليل الجمعة,0.05,0.1,0.15,0.2,0.25,1.0,1.0,1.0,1.0,1.0
204,صورة لبدء توافد الإيرانيين إلى العراق بدون تأشيرات دخول، لإحياء أربعينية الإمام ,0.05,0.1,0.15,0.2,0.25,1.0,1.0,1.0,1.0,1.0
205,في الشهر الماضي، سبتمبر، أبرمت الأردن والولايات المتحدة مذكرة تفاهم تتعهد بموجبه,0.05,0.1,0.15,0.2,0.25,1.0,1.0,1.0,1.0,1.0
206,شهدت الدقيقة 39 تدخلاً عنيفًا من لاعب منتخب هندوراس توريس على قائد منتخب الأرجنت,0.0,0.0,0.0,0.0,0.0,0.0,0.0,0.0,0.0,0.0
207,رفع الحجر الصحي عن جميع ولايات الجزائر ابتداءً من 15 سبتمبر/أيلول 2021.,0.0526,0.1053,0.1579,0.2105,0.2632,1.0,1.0,1.0,1.0,1.0
208,عمرو مصطفى هو فنان ومُلحن مصري، وُلد في ديسمبر 1978 بمدينة القاهرة، ونشأ في كنف ,0.0,1.0,1.0,1.0,1.0,0.0,0.5,0.3333,0.25,0.2
209,القبض على 4 ضباط… وسط آخر كومة إرهابيين تم القبض عليهم من دواعش سيناء... واعترفو,0.05,0.1,0.15,0.2,0.25,1.0,1.0,1.0,1.0,1.0
210,قانون في أميركا يسمى قانون القبح، يتم فيه تغريم الناس غرامة تتراوح بين دولار واح,0.05,0.1,0.15,0.2,0.25,1.0,1.0,1.0,1.0,1.0
211,مصر تصدر 500 جنيه و1000 جنيه,0.0,0.0,0.0625,0.125,0.1875,0.0,0.0,0.3333,0.5,0.6
212,"صورة تظهر إصابة أربعة متطوعين بشلل نصفي في الوجه بعد تلقيهم لقاح ""فايزر"".",0.05,0.1,0.15,0.2,0.25,1.0,1.0,1.0,1.0,1.0
213,فاز منتخب المغرب للجولف للرجال بلقب البطولة الإفريقية التي أُقيمت في ملاعب جولف ,0.05,0.1,0.15,0.2,0.25,1.0,1.0,1.0,1.0,1.0
214,اخراج جثمان البابا يوحنا بولس التاني بعد وفاته ب ١٣ سنة ووجدوا جثمانه سليما معاف,0.0,0.0,0.0,1.0,1.0,0.0,0.0,0.0,0.25,0.2
215,مقطع فيديو لإطلاق كتائب القسام رشقات صاروخية من شمالي قطاع غزة باتجاه غلاف غزة ب,0.05,0.1,0.15,0.2,0.25,1.0,1.0,1.0,1.0,1.0
216,وفاة 59 مواطن في كينيا نتيجة تناولهم لمطهّر الديتول بهدف الوقاية من فايروس كورون,0.0,0.0,0.0,0.0,0.0,0.0,0.0,0.0,0.0,0.0
217,معدل الشباب في سورية تناقص منذ 2011 وحتى اليوم بنسبة تجاوزت 60%، ومقابل كل 60 فت,0.0,0.0556,0.1111,0.1667,0.2222,0.0,0.5,0.6667,0.75,0.8
218,ألمانيا: بعد أسبوع من الدخول المدرسي، 100 مدرسة تعلن الإصابة بفايروس كورونا.,0.0588,0.1176,0.1765,0.1765,0.2353,1.0,1.0,1.0,0.75,0.8
219,تمكن فريق ريال مدريد من تحقيق انتصار مهم على فريق برشلونة في كلاسيكو إسبانيا، ضم,0.05,0.1,0.15,0.2,0.25,1.0,1.0,1.0,1.0,1.0
220,الرئيس السوري بشار الأسد وعد خلال تصريح له بتزويد روسيا بـ 40 ألف مقاتل للحرب في,0.05,0.1,0.15,0.2,0.25,1.0,1.0,1.0,1.0,1.0
221,هندي صبري تتقدم موكب نقل المومياوات المصرية يوم 3 أبريل/نيسان المقبل، وذلك في ال,0.0625,0.0625,0.125,0.1875,0.1875,1.0,0.5,0.6667,0.75,0.6
222,ترحيل ٣٠٠٠ سوري في العراق,0.05,0.1,0.15,0.2,0.25,1.0,1.0,1.0,1.0,1.0
223,ادّعى رجل يبلغ من العمر 128 عامًا من الأرجنتين أنه الديكتاتور الألماني أدولف هتل,0.05,0.1,0.15,0.2,0.25,1.0,1.0,1.0,1.0,1.0
224,طبيب تونسي من مدينة عين دراهم لم يتجاوز عمره 43 عاماً، أجرى أول عملية على القلب ,0.05,0.1,0.15,0.2,0.25,1.0,1.0,1.0,1.0,1.0
225,منتخب قطر أصبح أول منتخب في تاريخ كأس العالم، يغادر البطولة دون تحقيق أي نقطة، ب,0.0,0.0,0.0,0.0,0.0,0.0,0.0,0.0,0.0,0.0
227,- العروي، عبد الله: الفكر العربي الحديث، ترجمة: محمد عيتاني، تقديم: مكسيم رودنسو,0.0,0.0,0.0,0.0,0.2,0.0,0.0,0.0,0.0,0.2
228,انطلقت فعاليات موسم الرياض لأول مرة في العاصمة السعودية في أكتوبر 2019، وتحمل ال,0.05,0.1,0.15,0.2,0.25,1.0,1.0,1.0,1.0,1.0
229,صرح الرئيس عبد الفتاح السيسي بأن مصر لم تخض حرب 6 أكتوبر فقط للدفاع عن أراضيها، ,0.05,0.1,0.15,0.2,0.25,1.0,1.0,1.0,1.0,1.0
230,مجلة تايم الأميركية تختار عيدروس الزبيدي شخصية العام 2022، وهو أول شخصية عربية ت,0.05,0.1,0.15,0.2,0.25,1.0,1.0,1.0,1.0,1.0
231,يبدأ صباح اليوم السبت صرف معاشات شهر أكتوبر 2022 من خلال ماكينات الصرف الآلي باس,0.05,0.1,0.15,0.2,0.25,1.0,1.0,1.0,1.0,1.0
232,صور من الزلزال الأخير الذي ضرب جزر تانيمبار في إندونيسيا، اليوم 10 يناير/كانون ا,0.0,0.0,0.0,0.0,0.0,0.0,0.0,0.0,0.0,0.0
233,صرحت وزارة الدفاع التركية اليوم الأحد بأن 12 سفينة غادرت الموانئ الأوكرانية محمل,0.05,0.1,0.15,0.2,0.25,1.0,1.0,1.0,1.0,1.0
234,لبنان تسجل أول وفاة بمرض الكوليرا وتعلن ارتفاع عدد الإصابات إلى 26 حالة.,0.05,0.1,0.15,0.2,0.25,1.0,1.0,1.0,1.0,1.0
235,قطر تسحب مشروع الصندوق القطري للتنمية، الذي صادق عليه البرلمان بقيمة 700 مليون د,0.0526,0.1053,0.1579,0.1579,0.2105,1.0,1.0,1.0,0.75,0.8
236,ابتداءً من صباح الخميس 29/09 وحتى إشعار آخر، إضراب شامل في المستشفى الفرنسي، يتم,0.05,0.1,0.15,0.2,0.25,1.0,1.0,1.0,1.0,1.0
237,صورة من مصنع في اليابان يمكنه الاستمرار في العمل والإنتاج بدون إشراف بشري لمدة 3,0.25,0.25,0.25,0.25,0.25,1.0,0.5,0.3333,0.25,0.2
238,صدر القرار الرسمي بعد يوم واحد من العثور على إيفانا ترامب، البالغة من العمر 73 ع,0.05,0.1,0.15,0.2,0.25,1.0,1.0,1.0,1.0,1.0
239,إعادة فتح المساجد في المملكة المغربيّة يوم 4 يونيو/ حزيران من العام الجاري، بعد ,0.0667,0.0667,0.1333,0.1333,0.1333,1.0,0.5,0.6667,0.5,0.4
240,تجدر الإشارة إلى أن يان أوبلاك انضم إلى أتلتيكو مدريد في عام 2014، قادماً من ناد,0.05,0.1,0.15,0.2,0.25,1.0,1.0,1.0,1.0,1.0
241,حمد بن جاسم لـBBC: إن عمليات الانشقاق في صفوف الجيش السوري كانت أغلبها تجري بإغر,0.0,0.0,0.0,0.0,0.0,0.0,0.0,0.0,0.0,0.0
242,استراتيجية جديدة ومتكاملة لإدارة مياه الأمطار في الإسكندرية تضم 9 مشروعات بتكلفة,0.05,0.1,0.15,0.2,0.25,1.0,1.0,1.0,1.0,1.0
243,تسجيل عدة إصابات بسبب كسوف الشمس بسورية منها 27 حالة فقدان الرؤية الملونة و15 حا,0.05,0.1,0.15,0.2,0.25,1.0,1.0,1.0,1.0,1.0
244,مونيكا بيلوتشي ممثلة إيطالية تبلغ من العمر 62 سنة، أجمل وجه في تاريخ البشرية.,0.0,0.0909,0.1818,0.1818,0.2727,0.0,0.5,0.6667,0.5,0.6
245,أفادت وزارة الاستخبارات الإيرانية بالقبض على 9 أجانب في مواقع الاحتجاجات داخل إي,0.05,0.1,0.15,0.2,0.25,1.0,1.0,1.0,1.0,1.0
246,مورغان فريمان يعلن اعتناقه الإسلام بعد افتتاح بطولة كأس العالم 2022 الجارية في ق,0.05,0.1,0.15,0.2,0.25,1.0,1.0,1.0,1.0,1.0
247,#رسميا إقصاء الحكم الغامبي بكاري غاساما من المشاركة في كأس العالم قطر 2022,0.0,0.0,0.25,0.5,0.5,0.0,0.0,0.3333,0.5,0.4
248,لقبض علي ابو حزيفه القزازي المتورط في قضيه مقتل النائب العام و تنفيذ 67 عمليه تف,0.0588,0.1176,0.1765,0.1765,0.2353,1.0,1.0,1.0,0.75,0.8
249,حسب قناة روسيا اليوم: بعد قرار منحة الزواج، انخفضت نسبة العنوسة في ليبيا مقارنة ,0.0,0.0714,0.0714,0.1429,0.1429,0.0,0.5,0.3333,0.5,0.4
250,من الجدير بالذكر أن من بين هذه الإشارات الـ 12، 11 دولة تذكرتها بطريقة سلبية، وح,0.0,0.0,0.5,1.0,1.0,0.0,0.0,0.3333,0.5,0.4
251,المركز الأول: نصيب الرعود من نادي المستقبل المركز الثاني: حمزة الدرواني من جمعية,0.0526,0.1053,0.1579,0.2105,0.2632,1.0,1.0,1.0,1.0,1.0
252,مصرف لبنان يصدر ورقة نقدية بقيمة مليون ليرة,0.05,0.1,0.15,0.2,0.25,1.0,1.0,1.0,1.0,1.0
253,قطر تتقدم رسميًا بطلب لاستضافة نهائي دوري أبطال أفريقيا 2022.,0.05,0.1,0.15,0.2,0.25,1.0,1.0,1.0,1.0,1.0
254,أفادت الشرطة الكندية بأن أربعة أشخاص، بينهم ثلاثة أطفال، تعرضوا للإصابة على الأق,0.05,0.1,0.15,0.2,0.25,1.0,1.0,1.0,1.0,1.0
255,لقي ما لا يقل عن 7 أشخاص مصرعهم في حريق اندلع في الطابق السفلي لمركز تسوق بمدينة,0.0,0.0,0.0,0.0,0.0,0.0,0.0,0.0,0.0,0.0
256,التاون هاوس: تختلف مساحاتها بشكل ملحوظ ولكن الحد الأدنى يصل إلى 140 متر مربع.,0.0,0.0,0.0,0.0,0.0,0.0,0.0,0.0,0.0,0.0
257,"""مقتل سبعة شبان سوريين عثر عليهم في إحدى الشقق السكنية بالعاصمة اللبنانية بيروت ",0.0,0.0,0.0,0.0,0.0,0.0,0.0,0.0,0.0,0.0
258,أصيب ستة أشخاص نتيجة موجات سريعة باغتت مجموعة من الأفراد أثناء سيرهم على ممشى يط,0.05,0.1,0.15,0.2,0.25,1.0,1.0,1.0,1.0,1.0
259,توفي الفنان الفرنسي إريك مورينا عن عمر 68 عامًا بعد معاناة طويلة مع مرض السرطان.,0.05,0.1,0.15,0.2,0.25,1.0,1.0,1.0,1.0,1.0
260,مقتل الجنرال الألماني هافري كير قائد فيلق الهندسة الفيلق الألماني الخامس المشارك,0.0556,0.1111,0.1667,0.2222,0.2778,1.0,1.0,1.0,1.0,1.0
261,أعيد انتخاب بول بيا، رئيس الكاميرون البالغ من العمر 86 عامًا، لولاية سابعة في عا,0.0833,0.0833,0.0833,0.0833,0.1667,1.0,0.5,0.3333,0.25,0.4
262,استهدف الحوثيون لنشآت شركة آرامكو السعودية بأكثر من 15 صاروخ.,0.0588,0.0588,0.1176,0.1765,0.2353,1.0,0.5,0.6667,0.75,0.8
263,المغرب يطلب من الجزائر مساعدته في تنظيم كأس الأمم الأفريقية 2025.,0.05,0.1,0.15,0.2,0.25,1.0,1.0,1.0,1.0,1.0
264,عاجل ‏حاول حوالي 1000 شخص أمس اجتياز الحدود من المغرب إلى مليلية المحتلة,0.0667,0.0667,0.1333,0.2,0.2,1.0,0.5,0.6667,0.75,0.6
265,"رئيس الهيئة الوطنية من أجل جمهورية جديدة، الصادق بلعيد ""عندما تنظر إلى دستور تون",0.5,0.5,0.5,1.0,1.0,1.0,0.5,0.3333,0.5,0.4
266,ساعي بريد أنجب أكثر من 1300 طفلاً من علاقات خارج إطار الزواج خلال فترة عمله.,0.0,0.0,0.0,0.0,0.0,0.0,0.0,0.0,0.0,0.0
267,الأردن يخفض رسوم جوازات السفر للفلسطينيين بنسبة 50% حديثًا.,0.0625,0.125,0.1875,0.25,0.3125,1.0,1.0,1.0,1.0,1.0
268,الزمالك يتصدر قائمة الأكثر تتويجًا ببطولة دوري أبطال أفريقيا لكرة اليد برصيد 12 ,0.05,0.1,0.15,0.2,0.25,1.0,1.0,1.0,1.0,1.0
269,انطلقت عملية التصويت صباح اليوم الخميس لاختيار أعضاء مجلس الأمة الكويتي في دورته,0.05,0.1,0.15,0.2,0.25,1.0,1.0,1.0,1.0,1.0
270,مقطع فيديو يظهر تزيين العاصمة اليمنية صنعاء استعدادًا لإحياء مناسبة المولد النبو,0.0,0.0,0.0,0.25,0.25,0.0,0.0,0.0,0.25,0.2
271,مجلة تايم تختار السيسي مجرم العام 2020.,0.05,0.1,0.15,0.2,0.25,1.0,1.0,1.0,1.0,1.0
272,صرح الرئيس اللبناني، ميشال عون، اليوم الجمعة، بأن لبنان قد يحتاج من 6 إلى 7 سنوا,0.05,0.1,0.15,0.2,0.25,1.0,1.0,1.0,1.0,1.0
273,أفاد المكتب المركزي للأرصاد الجوية في تايوان بأن زلزالاً بقوة 5.9 درجة ضرب قبالة,0.0,0.0,0.0,0.0,0.0,0.0,0.0,0.0,0.0,0.0
274,الاتحاد الدولي لكرة القدم يقرر إيقاف اللاعب يزن العرب المحترف في صفوف سلانغور ال,0.0556,0.1111,0.1667,0.2222,0.2778,1.0,1.0,1.0,1.0,1.0
275,أفادت القوات الأوكرانية، اليوم السبت، بأنها حاصرت أكثر من خمسة آلاف جندي روسي في,0.0,0.0,0.0,0.0,0.0,0.0,0.0,0.0,0.0,0.0
276,إسرائيل تعلن ارتفاع حصيلة قتلاها في الحادث الحدودي الأخير مع مصر إلى خمسة,0.05,0.1,0.15,0.2,0.25,1.0,1.0,1.0,1.0,1.0
277,أعلنت قناة الحياة الجزائرية أنّ تسعة ملايين مشجع، دخلوا مطار هواري بومدين الدولي,0.05,0.1,0.15,0.2,0.25,1.0,1.0,1.0,1.0,1.0
278,الرئيس الرواندي يعيّن الشاب باتريك نكوريزا، والّذي يبلغ من العمر 19 عاماً، وزيرا,0.0,0.0,0.0,0.0714,0.1429,0.0,0.0,0.0,0.25,0.4
279,مداهمة شقة بالمرسى في مدينة المرسى التونسية تعود لمهرّب يُدعى توفيق عمّار، وحجز ,0.0,0.0,0.0,0.0,0.0,0.0,0.0,0.0,0.0,0.0
280,قام باحثون من جامعة كوليدج لندن باستخدام الذكاء الاصطناعي لتحسين طريقة استخدام ا,0.05,0.1,0.15,0.2,0.25,1.0,1.0,1.0,1.0,1.0
281,ثمرة رمان تزن أكثر من 2.3 كيلوغرام، في مدينة مسعد في ولاية الجلفة الجزائرية.,0.05,0.1,0.15,0.2,0.25,1.0,1.0,1.0,1.0,1.0
282,استهدفت القوات المسلحة الروسية بضربات دقيقة ورش تصنيع الصواريخ العملياتية والتكت,0.0,0.0,0.0,0.0,0.0,0.0,0.0,0.0,0.0,0.0
283,عبد الحق نوري يستفيق من غيبوبته بعد عامين وتسعة أشهر,0.0,0.0,0.0,0.0,0.0,0.0,0.0,0.0,0.0,0.0
284,مسؤول في الاستخبارات الروسية يعلن أنّه سيتم قريبًا نشر وثائق من الأقمار الصناعية,0.0,0.0,0.0,0.3333,0.3333,0.0,0.0,0.0,0.25,0.2
285,اعترَفت ممرضة من جمهورية زامبيا بأنها قامت بتبديل خمسة آلاف مولود عقب ولادتهم بأ,0.0,0.0,0.0,0.0,0.0,0.0,0.0,0.0,0.0,0.0
286,"أعلنت هيئة المسح الجيولوجي الأمريكية عن وقوع زلزال بلغت قوته 4,3 درجة على مقياس ",0.0,0.0,0.0,0.0,0.0,0.0,0.0,0.0,0.0,0.0
287,صرّح السفير العراقي في تركيا، حسن الجنابي، اليوم السبت، بأن بغداد وأنقرة استأنفت,0.05,0.1,0.15,0.2,0.25,1.0,1.0,1.0,1.0,1.0
288,تم رفع منحة البطالة 15000دج خريجي معاهد التكوين 19000حاملي ليسانس 24000دج حاملي ,0.0,0.0,0.0,0.0,0.0,0.0,0.0,0.0,0.0,0.0
289,المهندس الزراعي راقي معدّل من قرية القلوع في محافظة طرطوس يتمكن من انتاج اكبر جب,0.0,0.0,0.25,0.25,0.25,0.0,0.0,0.3333,0.25,0.2
290,حصلت على شهادة من كلية التجارة بجامعة دمشق عام 2002، وفي العام نفسه التحقت بالمع,0.05,0.1,0.15,0.2,0.25,1.0,1.0,1.0,1.0,1.0
291,صباح يوم فجر الأحد ضبطت الجمارك اللبنانيه ٤٥٠ كيلو كوكايين من مادة الباز متوجهة ,0.0,0.0,0.0,0.0,0.0,0.0,0.0,0.0,0.0,0.0
292,اللقاحات لزرع جين في أجساد البشر يبقى لمدة مئة عام,0.05,0.1,0.15,0.2,0.25,1.0,1.0,1.0,1.0,1.0
293,الإعلام التونسي في المرتبة 223 عالميًّا من حيث صدقية الخبر.,0.0,0.0,0.0,0.0,0.0,0.0,0.0,0.0,0.0,0.0
294,"ولي العهد السعودي محمد بن سلمان، أهدى سيارة ""رولز رويس"" باهظة الثمن للاعبي المنت",0.0,0.0,0.0,0.0,0.0,0.0,0.0,0.0,0.0,0.0
295,فيديو لبكاء الملاكمة الإيطالية أنجلينا كاريني بعد خسارتها أمام الملاكمة الجزائري,0.0526,0.1053,0.1579,0.2105,0.2105,1.0,1.0,1.0,1.0,0.8
296,"يُعاني 68٪ من الأشخاص من ""متلازمة الاهتزازات الوهمية"" (Phantom Vibration Syndrom",0.0588,0.1176,0.1765,0.2353,0.2941,1.0,1.0,1.0,1.0,1.0
297,عاجل وردنا الآن : هيئة عمليات التجارة البحرية البريطانية: اليمنيون استهدفوا سفين,0.05,0.1,0.15,0.2,0.25,1.0,1.0,1.0,1.0,1.0
298,إثيوبيا تسجّل 2144 إصابة جديدة بفايروس كورونا المستجد، ليصل إجمالي الإصابات إلى ,0.0526,0.1053,0.1579,0.2105,0.2632,1.0,1.0,1.0,1.0,1.0
299,استقبال حافلة المنتخب البرازيلي بعد هزيمته أمام كرواتيا وخروجه من كأس العالم في ,0.05,0.1,0.15,0.2,0.25,1.0,1.0,1.0,1.0,1.0
300,وزارة الدفاع الروسية أعلنت أن قواتها أحكمت سيطرتها على مدينة مليتوبول، وقامت بتد,0.0,0.0,0.0,0.0,0.0,0.0,0.0,0.0,0.0,0.0
301,مقطع فيديو لوزير المالية في النيجر وهو يبكي بعد منحه 48 ساعة لتوضيح سوء الوضع ال,0.0,0.0,0.0,0.0,0.0,0.0,0.0,0.0,0.0,0.0
302,في العاصمه بغداد ام عراقيه تخنق بنتها التي تبلغ من العمر 5 اشهر وترميها في النفا,0.0556,0.1111,0.1111,0.1667,0.2222,1.0,1.0,0.6667,0.75,0.8
303,القمر والمشترى وزحل صورة لن تتكرر قبل ٢٠٣٧,0.0,0.0,0.0,0.0,0.0,0.0,0.0,0.0,0.0,0.0
304,جريدة الأهرام تزيّف صورة لمشاركة الرئيس المصري عبد الفتّاح السيسي في احتفالات ال,0.0,0.1111,0.2222,0.2222,0.3333,0.0,0.5,0.6667,0.5,0.6
305,الرئيس الروسي فلاديمير بوتين يسعّر اليورو بـ 2 روبل للدول المعادية لروسيا، ويُهد,0.0,0.0833,0.0833,0.1667,0.25,0.0,0.5,0.3333,0.5,0.6
306,أردوغان ينشر خريطة تركيا إشارة إلى معاهدة لوزان ١٩٢٣ ويظهر فيها حلب و أربيل والم,0.0,0.0,0.0,0.0,0.0,0.0,0.0,0.0,0.0,0.0
307,"سيارة أودي A5 موديل 2022 متوفرة في مصر بفئة واحدة فقط وهي S-LINE، وسعرها يبلغ 1,",0.05,0.1,0.15,0.2,0.25,1.0,1.0,1.0,1.0,1.0
308,ثلاث فتيات في مترو باريس يتعرضن لـ “التحرش” لكن من سوء حظهم، أن الفتيات اللواتي ,0.0,0.0,0.0,0.0,0.0,0.0,0.0,0.0,0.0,0.0
309,تاجر أردني سامح مدينين له بمبلغ 93 ألف دينار، ثم توفاه الله في اليوم التالي.,0.0588,0.1176,0.1176,0.1765,0.2353,1.0,1.0,0.6667,0.75,0.8
310,ترامب يرفع علم الثورة الأمريكية لعام ١٧٧٦ بدلا من العلم الأمريكي فوق البيت الأبي,0.05,0.1,0.15,0.2,0.25,1.0,1.0,1.0,1.0,1.0
311,القبض على لاجئ سوري يعيش في أحد المخيمات التركية، اخترق حساب ثلاثة بنوك خليجية و,0.05,0.1,0.15,0.2,0.25,1.0,1.0,1.0,1.0,1.0
312,قام البنك الأهلي المصري بتقليل حدود السحب النقدي خارج مصر بنسبة 50% على بطاقات ا,0.0,0.0,0.0,0.0,0.0,0.0,0.0,0.0,0.0,0.0
313,وافق صندوق النقد الدولي على تزويد أوكرانيا بتمويل طارئ إضافي قدره 1.3 مليار دولا,0.0,0.0,0.0,0.0,0.0,0.0,0.0,0.0,0.0,0.0
314,محمد عبدالجواد، من مواليد عام 1962، هو لاعب كرة قدم سعودي سابق، لعب في مركز الظه,0.0,0.0,0.0,0.3333,0.6667,0.0,0.0,0.0,0.25,0.4
315,"أميركا تتنبأ بـ ""كورونا"" منذ 9 سنوات والدليل فيلم ""كونتيجن"".",0.05,0.1,0.15,0.2,0.25,1.0,1.0,1.0,1.0,1.0
316,128 دولة وقفت ضد الخطوة الأمريكية بشأن القدس في العام 2019,0.05,0.1,0.15,0.2,0.25,1.0,1.0,1.0,1.0,1.0
317,صورة حديثة لوصول ستة جنود إسرائيليين جرحى إلى مستشفى سوروكا بعد إصابتهم في غزة.,0.05,0.1,0.15,0.2,0.25,1.0,1.0,1.0,1.0,1.0
318,حقق ريال مدريد الفوز في 95 مباراة، بينما حقق برشلونة الفوز في 96 مباراة، وانتهت ,0.05,0.1,0.15,0.2,0.25,1.0,1.0,1.0,1.0,1.0
319,ما زال 19 شخصاً عالقين تحت أنقاض مبنى مكون من أربعة طوابق انهار في منطقة الكرادة,0.05,0.1,0.15,0.2,0.25,1.0,1.0,1.0,1.0,1.0
320,"قُتل 200 مسلح من حركة ""الشباب"" خلال عملية عسكرية للجيش في إقليم هيران وسط الصوما",0.0526,0.1053,0.1579,0.1579,0.2105,1.0,1.0,1.0,0.75,0.8
321,أعلن مهرجان بغداد الدولي للمسرح عن استقباله 215 عرضاً للمشاركة في دورته الثالثة،,0.3333,0.3333,0.3333,0.3333,0.3333,1.0,0.5,0.3333,0.25,0.2
322,"بوتين يرد على عقوبات الاتحاد الدولي لكرة القدم، قائلًا ""لماذا لم تتخذ الفيفا عقو",0.0,0.0526,0.1053,0.1579,0.2105,0.0,0.5,0.6667,0.75,0.8
323,صورة لاحتفال بايرن ميونخ بفوزه بثمانية أهداف على برشلونة,0.0,0.0,0.0,0.0,0.0,0.0,0.0,0.0,0.0,0.0
324,منح مساعدات مصرية للولايات المتحدة في العام 1944,0.05,0.1,0.15,0.2,0.25,1.0,1.0,1.0,1.0,1.0
325,ذكر مركز رصد الزلازل الأوروبي المتوسطي أن زلزالاً بقوة 4.5 درجة وقع في الساعات ا,0.05,0.1,0.15,0.2,0.25,1.0,1.0,1.0,1.0,1.0
326,فيديو لثلاث فتيات في مترو باريس يتعرضن للتحرش، لكن تبين أنّهن من فرقة المظليين ا,0.0,0.0,0.0,0.0,0.0,0.0,0.0,0.0,0.0,0.0
327,بعض الدراسات أكدت فائدة استخدام الساونا في الإقلاع عن التدخين وإخراج النيكوتين م,0.0,0.0526,0.1053,0.1579,0.2105,0.0,0.5,0.6667,0.75,0.8
328,الجيش السوري تقدم يوم الجمعة بعمق ثلاثة كيلومترات في الجبهة الجنوبية الغربية للر,0.0,0.0,0.0,0.0,0.0,0.0,0.0,0.0,0.0,0.0
329,أجرت بارتس هيلث إن إتش إس ترست وجامعة كوليدج لندن دراسة استخدمت جهازاً جديداً لت,0.0,0.0,0.0,0.0,0.0,0.0,0.0,0.0,0.0,0.0
330,في منطقة خاركيف قامت القوات الروسية بالقضاء على نحو 60 جندياً أوكرانياً بالإضافة,0.05,0.1,0.15,0.2,0.25,1.0,1.0,1.0,1.0,1.0
331,ليلة السبت – الأحد، وقعت هزة أرضية بلغت قوتها 4.5 درجة على مقياس ريختر في ضواحي ,0.0,0.0,0.0,0.0,0.0,0.0,0.0,0.0,0.0,0.0
332,الرئيس عبد الفتاح السيسي أصدر القرار رقم 191 لعام 2022، بالموافقة على اتفاق مبسط,0.05,0.1,0.15,0.2,0.25,1.0,1.0,1.0,1.0,1.0
333,سيتريوديول يقضي على كورونا 100%,0.05,0.1,0.15,0.2,0.25,1.0,1.0,1.0,1.0,1.0
334,صرح الدكتور أحمد أبو اليزيد، أستاذ كلية الزراعة بجامعة عين شمس، بأن صادرات مصر ا,0.0,0.0,0.0,0.0,0.0,0.0,0.0,0.0,0.0,0.0
335,جيش الاحتلال يلقي مناشير فيها تذكروا هذا التاريخ يا أهل جنوب وادي غزة 26/6,0.0,0.0,0.0,0.0,0.0,0.0,0.0,0.0,0.0,0.0
336,انفجار اكبر محطة لتصدير الغاز في امريكا هذه المحطة تزود اسبانيا بحوالي 40 بالمائ,0.05,0.1,0.15,0.2,0.25,1.0,1.0,1.0,1.0,1.0
337,صور لممرضة أمام أحد المستشفيات ويظهر على ملابسها آثار الدماء، التقطت عام 1990 في,0.05,0.1,0.15,0.2,0.25,1.0,1.0,1.0,1.0,1.0
338,فيديو يظهر فيه شخص يدعي أنه لا يمكن التقاط فيروس وأن هناك لقاحا مسجلا لفيروس كور,0.05,0.1,0.15,0.2,0.25,1.0,1.0,1.0,1.0,1.0
339,لقي 3 أشخاص حتفهم اليوم السبت، جراء تفجير شاحنة على جسر القرم في ساعات الفجر، وف,0.05,0.1,0.15,0.2,0.25,1.0,1.0,1.0,1.0,1.0
340,يوافق يوم المعلمين في مصر لعام 2022 يوم 28 فبراير، وهو تاريخ يتزامن مع قرب نهاية,0.05,0.1,0.15,0.2,0.25,1.0,1.0,1.0,1.0,1.0
341,"""وفاة 17 سورياً بعد غرق قاربهم قبالة السواحل الليبية في مياه البحر الأبيض المتوس",0.0769,0.1538,0.1538,0.2308,0.3077,1.0,1.0,0.6667,0.75,0.8
342,بوسط دمشق بجانب فندق فورسيزون مظاهرة ضد بشار الاسد 2023,0.05,0.1,0.15,0.2,0.25,1.0,1.0,1.0,1.0,1.0
343,كشفت هيئة الدفاع المدني والإسعاف في سلطنة عمان عن استخراج 6 جثث حتى اللحظة نتيجة,0.0588,0.1176,0.1176,0.1765,0.2353,1.0,1.0,0.6667,0.75,0.8
344,"السفينة ""إيفر غيفن"" اصطدمت بضفة القناة على مسافة 6 كيلومترات (3.7 ميل) شمال المد",0.05,0.1,0.15,0.2,0.25,1.0,1.0,1.0,1.0,1.0
345,فاز تمام علاء الدين، لاعب المنتخب السوري للكيك بوكسينج، بلقب بطولة العالم للمحتر,0.05,0.1,0.15,0.2,0.25,1.0,1.0,1.0,1.0,1.0
346,صورة الفتاة التي توفيت بسبب مباراة الجزائر وبوركينا فاسو يوم الثلاثاء 16 نوفمبر/,0.0526,0.1053,0.1579,0.2105,0.2105,1.0,1.0,1.0,1.0,0.8
347,أعلنت وزارة النفط العراقية مساء الأحد الماضي عن إخماد حريق البئر 44 في حقل خباز ,0.05,0.1,0.15,0.2,0.25,1.0,1.0,1.0,1.0,1.0
348,قام البنك المركزي المصري اليوم بطرح سندات خزانة نيابة عن وزارة المالية بقيمة إجم,0.0,0.0,0.0,0.0,0.0,0.0,0.0,0.0,0.0,0.0
349,تصل نسبة البطالة في العراق الغني بالنفط إلى 27٪، بينما تبلغ نسبة الفقر 31.7٪، حس,0.05,0.1,0.15,0.2,0.25,1.0,1.0,1.0,1.0,1.0
350,وزارة التربية والتعليم تمنح 10 درجات رأفة فى كل مادة في امتحانات الثانوية، لجميع,0.05,0.1,0.15,0.2,0.25,1.0,1.0,1.0,1.0,1.0
351,صورة لجثامين ألف طفل سوري قتلوا بالكيماوي في دمشق.,0.05,0.1,0.15,0.2,0.25,1.0,1.0,1.0,1.0,1.0
352,مقطع فيديو لصاروخ كينجال الروسي بعد استخدامه لتدمير مستودع للأسلحة الأوكرانية بع,0.0,0.0,0.0,1.0,1.0,0.0,0.0,0.0,0.25,0.2
353,"حتى الآن، بلغ عدد ضحايا ""مركب الموت"" 37 شخصًا: من بينهم 24 حالة وفاة و13 شخصًا ي",0.05,0.1,0.15,0.2,0.25,1.0,1.0,1.0,1.0,1.0
354,أوضح الدكتور حسام عبد الغفار، المتحدث باسم وزارة الصحة، أن هناك أكثر من 37 مركزً,0.05,0.1,0.15,0.2,0.25,1.0,1.0,1.0,1.0,1.0
355,مارتن بريثوايت طلب من إدارة برشلونة الحصول على رقم 10 في حال رحيل ليونيل ميسي عن,0.0556,0.1111,0.1667,0.2222,0.2778,1.0,1.0,1.0,1.0,1.0
356,كشف الجيش الإندونيسي عن العثور على الغواصة التي انقطع الاتصال بها قرب سواحل بالي,0.0,0.0,0.2,0.2,0.2,0.0,0.0,0.3333,0.25,0.2
357,الجيش السوداني ينشر صور لقواته في منطقة الجيلي قرب المصفاة الرئيسة في البلاد الو,0.0,0.0,0.0,0.0,0.0,0.0,0.0,0.0,0.0,0.0
358,في فبراير 2011 - قُتل شخصان وتم اعتقال العشرات أثناء مشاركة الآلاف من نشطاء المع,0.05,0.1,0.15,0.2,0.25,1.0,1.0,1.0,1.0,1.0
359,تبلغ تكلفة تذاكر الركاب للرحلات التي تتراوح مدتها بين 12 و13 ساعة 80 يورو لكل ات,0.05,0.1,0.15,0.2,0.25,1.0,1.0,1.0,1.0,1.0
360,جامعة جونز هوبكنز الأميركية، ومنظمة الصحة العالمية، والمنتدى الاقتصادي العالمي، ,0.05,0.1,0.15,0.2,0.25,1.0,1.0,1.0,1.0,1.0
361,بيان القوات المسلحة اليمنية بشأن عمليتين عسكريتين مشتركتين مع المقاومة الإسلامية,0.0667,0.1333,0.2,0.2,0.2667,1.0,1.0,1.0,0.75,0.8
362,صادق البرلمان التركي اليوم على قانون يقضي بإستقطاب 3000 شاب و شابة من مختلف البل,0.05,0.1,0.15,0.2,0.25,1.0,1.0,1.0,1.0,1.0
363,أمسك أنفاسك لأكثر من 10 ثوانٍ! إذا نجحت في الزفير دون سعال فهذا يشير إلى عدم وجو,0.0,0.0,0.0,0.0,0.0,0.0,0.0,0.0,0.0,0.0
364,في محافظة العاصمة، أقام مركز شباب وشابات ماركا اليوم ورشة عمل حول مشاركة الشباب ,0.05,0.1,0.15,0.2,0.25,1.0,1.0,1.0,1.0,1.0
365,في عام 1820، كان العالم الدنماركي هانز أورستد يعدّ المواد اللازمة لإحدى محاضراته,0.0,0.0,0.0,0.0,0.0,0.0,0.0,0.0,0.0,0.0
366,أعلنت وسائل الإعلام الرسمية في بلجيكا عن اعتقال 3 أشخاص بسبب تهديد موجه لوزير ال,0.05,0.1,0.15,0.2,0.25,1.0,1.0,1.0,1.0,1.0
367,"آخر كلب صيد إيرلندي رمادي عملاق خلال العام 1902"".",0.0526,0.1053,0.1579,0.2105,0.2632,1.0,1.0,1.0,1.0,1.0
368,تصريح منسوب لساديو ماني عن تشجيعه منتخب المغرب، في حال إقصاء المنتخب السنغالي في,0.05,0.1,0.15,0.2,0.25,1.0,1.0,1.0,1.0,1.0
369,أصدرت سلطات ولاية كاليفورنيا قرارًا بإجلاء ما يزيد عن 100 ألف شخص نتيجة الحرائق ,0.05,0.1,0.15,0.2,0.25,1.0,1.0,1.0,1.0,1.0
370,"ياسمين الصكلي مُدرسة تونسية فازت بجائزة ""المعلم العالمي"" ضمن أفضل معلمي العالم م",0.0,0.0,0.0,0.0,0.0,0.0,0.0,0.0,0.0,0.0
371,"حكمت الشرطة الهندية بجلد 9 رجال مسلمين علنًا أمام جمع يهتف بشعارات ""تحيا الهند ا",0.05,0.1,0.15,0.2,0.25,1.0,1.0,1.0,1.0,1.0
372,رئيس الجمهورية التونسية، قيس سعيد، يمنح 34 فلسطينياً الجنسية التونسية.,0.0526,0.1053,0.1579,0.2105,0.2632,1.0,1.0,1.0,1.0,1.0
373,أعلن البنك المركزي الأردني، اليوم السبت، أن عدد الشيكات التي تم تداولها خلال شهر,0.05,0.1,0.15,0.2,0.25,1.0,1.0,1.0,1.0,1.0
374,كشف رئيس مجلس الأعمال التونسي الإفريقي، أنيس الجزيري، اليوم السبت، أن قيمة المبا,0.3333,0.6667,0.6667,0.6667,0.6667,1.0,1.0,0.6667,0.5,0.4
375,كشف النادي الإسماعيلي عن توقيع المدافع إياد العسقلاني، لاعب فريق الشباب ومنتخب م,0.05,0.1,0.15,0.2,0.25,1.0,1.0,1.0,1.0,1.0
376,- في مدينة المنيا الجديدة، تم تخصيص خمس قطع أراضٍ لإنشاء مدرسة ومعهد عالٍ وملاهٍ,0.0,0.0,0.0,0.0,0.0,0.0,0.0,0.0,0.0,0.0
377,أصدرت المحكمة الاقتصادية حكماً بتغريم الفنانة اللبنانية ميريام فارس مبلغ 394 ألف,0.05,0.1,0.15,0.2,0.25,1.0,1.0,1.0,1.0,1.0
378,في لحظة حرجة للغاية، أُطلقت 12 صاروخًا من إيران باتجاه القنصلية الأميركية في أرب,0.05,0.1,0.15,0.2,0.25,1.0,1.0,1.0,1.0,1.0
379,ذكرت وكالة إنترفاكس الروسية، اليوم الأربعاء، أنه تم اعتقال 5 مواطنين روس و3 آخري,0.05,0.1,0.15,0.2,0.25,1.0,1.0,1.0,1.0,1.0
380,السيسى يؤدي مناسك العمرة وتم فتح الكعبة المشرفة وصلى بداخلها صباح يوم السبت 8 ما,0.0526,0.1053,0.1579,0.2105,0.2632,1.0,1.0,1.0,1.0,1.0
381,"""صحيفة الغارديان البريطانية قالت إن مخترع طائرة بيرقدار المسيرة المهندس التركي س",0.05,0.1,0.15,0.2,0.25,1.0,1.0,1.0,1.0,1.0
382,تمكن النرويجي من تسجيل ثلاثة أهداف في مرمى مانشستر يونايتد خلال مباراة اليوم، ال,0.0,0.0,0.0,0.0,0.0,0.0,0.0,0.0,0.0,0.0
383,تنبأ الأديب المصري الدكتور أحمد خالد توفيق بفايروس كورونا المستجد، ونشر في كتابه,0.05,0.1,0.15,0.2,0.25,1.0,1.0,1.0,1.0,1.0
384,الحكم على نادية عكاشة بستة أشهر سجنًا نافذة وبخطية مالية قدرها ألفي دينار في الق,0.0,0.0588,0.1176,0.1765,0.2353,0.0,0.5,0.6667,0.75,0.8
385,أُصيب ما لا يقل عن 8 مستوطنين مساء يوم الخميس، في هجوم طعن قرب مستوطنة موديعين غ,0.05,0.1,0.15,0.2,0.25,1.0,1.0,1.0,1.0,1.0
386,إحصائية تُظهر أكثر الشعوب العربية تفاعلًا على منصات التواصل الاجتماعي خلال عام 2,0.0,0.0714,0.1429,0.2143,0.2857,0.0,0.5,0.6667,0.75,0.8
387,ضبط 900 طن من الاسماك المسممة قادمة من محافظة نينوى متجهة الى محافظة النجف,0.0,0.0,0.0,0.0,0.0,0.0,0.0,0.0,0.0,0.0
388,أعلن البنك المركزي العراقي عن تسجيل أعلى احتياطي في تاريخه بقيمة تجاوزت 87 مليار,0.05,0.1,0.15,0.2,0.25,1.0,1.0,1.0,1.0,1.0
389,"أفاد مركز ""GFZ"" الألماني لأبحاث علوم الأرض بأن زلزالاً بقوة 5.6 درجة ضرب المنطقة",0.05,0.1,0.15,0.2,0.25,1.0,1.0,1.0,1.0,1.0
390,أعلن الرئيس الروسي فلاديمير بوتين، يوم الأربعاء الماضي، عن تعبئة حوالي 300 ألف ج,0.05,0.1,0.15,0.2,0.25,1.0,1.0,1.0,1.0,1.0
391,درس في محافظة دمياط وتخرج في كلية دار العلوم عام ١٩٦٥، ثم تابع دراسته في كلية ال,0.0,0.0,0.0,0.0,0.0,0.0,0.0,0.0,0.0,0.0
392,آرسنال × مانشستر يونايتد، تُقام في الساعة السادسة والنصف مساءً، وتُنقل عبر قناة ,0.0,0.0,0.0,0.0,0.0,0.0,0.0,0.0,0.0,0.0
393,"عبد الحميد الدبيبة: ""سنوفّر لكل شاب راتب شهري 1500 دينار، وسندفع لكل عائلة ليبية",0.05,0.1,0.15,0.2,0.25,1.0,1.0,1.0,1.0,1.0
394,"أعلنت الحكومة الصومالية مقتل 30 فرداً من ""حركة الشباب"" خلال عملية عسكرية للجيش ف",0.0,0.0,0.0,0.0,0.0,0.0,0.0,0.0,0.0,0.0
395,"سفير الاتحاد الأوروبي في تونس لصحيفة لوموند يوم 2 أغسطس/آب 2021: ""لن أعتذر على م",0.0,0.0,0.0,0.0,0.0,0.0,0.0,0.0,0.0,0.0
396,وقع بوتين في 25 مايو الماضي مرسوماً يتيح تسهيل إجراءات منح الجنسية الروسية لسكان,0.05,0.1,0.15,0.2,0.25,1.0,1.0,1.0,1.0,1.0
398,قُتل ما لا يقل عن 18 شخصاً شمال المكسيك، صباح اليوم الأحد، نتيجة اصطدام حافلة رك,0.05,0.1,0.15,0.2,0.25,1.0,1.0,1.0,1.0,1.0
399,اسمها السلحفاة جوناثان من مواليد 1832 و تعتبر اكبر الحيوانات الحيه عمرا,0.0,0.0,0.0,0.5,0.5,0.0,0.0,0.0,0.25,0.2
400,"محافظ الفيوم يحضر ندوة بعنوان ""حرب أكتوبر - وطن وانتماء"" احتفالًا بالذكرى التاسع",0.05,0.1,0.15,0.2,0.25,1.0,1.0,1.0,1.0,1.0
401,آكبر معمّر في العالم من مواليد ويبلغ من العمر 256 عاما,0.0556,0.1111,0.1667,0.2222,0.2778,1.0,1.0,1.0,1.0,1.0
402,أعلن الاتحاد الدولي لكرة القدم، رسميًّا، عن اجتماعٍ عاجل لاتخاذ قرار بإعادة مبار,0.05,0.1,0.15,0.2,0.25,1.0,1.0,1.0,1.0,1.0
403,القناة 12 العبرية نشرت أنّ التسجيل الصوتي الوراد في وثائقي الجزيرة يعود للجندي ا,0.0556,0.1111,0.1667,0.2222,0.2778,1.0,1.0,1.0,1.0,1.0
404,أفادت الحكومة الصومالية، اليوم الأربعاء، بمقتل 3 من جنودها و20 عنصراً من حركة ال,0.0,0.0,0.0,0.0,0.0,0.0,0.0,0.0,0.0,0.0
405,تاجر سوسي بمدينة طنجة هو اول من أدخل الهاتف الى المغرب سنة1883 بعد 7 سنوات فقط م,0.05,0.1,0.15,0.2,0.25,1.0,1.0,1.0,1.0,1.0
406,هزّ زلزال بقوة 4.7 درجات على مقياس ريختر ولاية بينغول التركية وسط البلاد في ساعا,0.0526,0.0526,0.1053,0.1579,0.2105,1.0,0.5,0.6667,0.75,0.8
407,عاجل السيسي يوجه بصرف 3 مليون دولار لأسر الجنود الإسرائيليين,0.0,0.0,0.0,0.0,0.0,0.0,0.0,0.0,0.0,0.0
408,إعادة فتح المساجد في المملكة المغربيّة يوم 4 يونيو/ حزيران من العام الجاري، بعد ,0.0556,0.0556,0.1111,0.1111,0.1667,1.0,0.5,0.6667,0.5,0.6
409,إغلاق مداخل الحرم المكي بعد توافد 2.5 مليون معتمر في ليلة ال 25 من رمضان ،، ماشا,0.0,0.0,0.0,0.0,0.0,0.0,0.0,0.0,0.0,0.0
410,قيام مليشيات الحوثي بقمع المواطنيين ومنعهم الاحتفال بذكرى ثورة 26 سبتمبر في محاف,0.0,0.0,0.0,0.0,0.0,0.0,0.0,0.0,0.0,0.0
411,قالت الأمم المتحدة يوم الثلاثاء إنه تم إجلاء 114 لاجئًا صوماليًا من اليمن إلى وط,0.05,0.1,0.15,0.2,0.25,1.0,1.0,1.0,1.0,1.0
412,اعتقلت السلطات في السعودية 16 شخصاً تورطوا في ارتكاب جرائم احتيال مالي من خلال م,0.05,0.1,0.15,0.2,0.25,1.0,1.0,1.0,1.0,1.0
413,أُسّس محرك البحث الجديد في ولاية كاليفورنيا عام 2019 على يد موظفين سابقين في جوج,0.05,0.1,0.15,0.2,0.25,1.0,1.0,1.0,1.0,1.0
414,السبّاق التونسي وليد كتيلة يهدي تونس ميدالية ذهبية ثانية في سباق 800 متر كراسي.,0.0,0.0,0.0,0.0,0.0,0.0,0.0,0.0,0.0,0.0
415,اسماعيل هنية على غلاف مجلة فوربس الأمريكية وثروته 4 مليار,0.0,0.0,0.0,0.0,0.0,0.0,0.0,0.0,0.0,0.0
416,"أفادت شرطة مدينة ""دونيتسك"" الأوكرانية بالعثور على 35 مقبرة واستخراج أكثر من 120 ",0.05,0.1,0.15,0.2,0.25,1.0,1.0,1.0,1.0,1.0
417,أكد الرئيس الفرنسي إيمانويل ماكرون، اليوم الخميس 13 أكتوبر، أن باريس تدعم أوكران,0.05,0.1,0.15,0.2,0.25,1.0,1.0,1.0,1.0,1.0
418,لما تعرف إن الاتحاد الأوروبي 🇪🇺 سمح لمواطني 54 دولة بدخول منطقه الشنجن ومصر منه,0.0,0.0,0.0,0.0,0.0,0.0,0.0,0.0,0.0,0.0
419,ذكرت وسائل الإعلام الأمريكية اليوم الأربعاء أن 5 أشخاص أصيبوا في حادث إطلاق نار ,0.0,0.0,0.0,0.0,0.0,0.0,0.0,0.0,0.0,0.0
420,ادانت محكمة البريقة الابتدائية صباح اليوم 11 شخص في واقعة اغتصاب طفل واعتقل على ,0.05,0.1,0.15,0.2,0.25,1.0,1.0,1.0,1.0,1.0
421,حقق نادي الكويت الكويتي لقب البطولة العربية لكرة السلة الـ34، التي استضافتها الك,0.0,0.0,0.0,0.0,0.0,0.0,0.0,0.0,0.0,0.0
422,وافق أوباما خلال فترة حكمه على الإفراج عن أربعة أسرى من طالبان يتواجدون في سجن غ,0.0,0.0556,0.1111,0.1667,0.2222,0.0,0.5,0.6667,0.75,0.8
423,أعلنت عدة محافظات في مصر تعليق الدراسة نظرًا لتدهور الأحوال الجوية، بعد تحذير ال,0.05,0.1,0.15,0.2,0.25,1.0,1.0,1.0,1.0,1.0
424,أدى حادث تصادم بين سيارتين ملاكي اليوم على طريق إحدى قرى مركز أبو تشت شمال محافظ,0.0,0.0,0.0,0.0,0.0,0.0,0.0,0.0,0.0,0.0
425,صورة لجثة سيدة مصريّة تُدعى سعاد، توفيت قبل 15 يومًا من وقت العثور عليها، ولم يك,0.0526,0.1053,0.1579,0.2105,0.2632,1.0,1.0,1.0,1.0,1.0
426,الدفاعات الأرضية الأوكرانية تسقط 4 طائرات روسية,0.05,0.1,0.15,0.2,0.25,1.0,1.0,1.0,1.0,1.0
427,لوحة رسمها والتر مولينو عام 1962 تحمل عنوان (الحياة عام 2022).,0.0,0.0,0.0,0.0,0.0,0.0,0.0,0.0,0.0,0.0
428,السباح الإيراني رعد جاني حصل على المركز 67 والأخير في الأولمبياد.,0.0,0.0714,0.1429,0.1429,0.1429,0.0,0.5,0.6667,0.5,0.4
429,تزامنت جولة نخالة وتصريحاته مع التصعيد في الأراضي المحتلة، بدءاً من الضفة الغربي,0.05,0.1,0.15,0.2,0.25,1.0,1.0,1.0,1.0,1.0
430,أعلنت ألمانيا أنها ستسلم الجيش الأوكراني أول نظام من أربعة أنظمة دفاع جوي متقدمة,0.05,0.1,0.15,0.2,0.25,1.0,1.0,1.0,1.0,1.0
431,تعتقد الممثلة الجنوب أفريقية تشارليز ثيرون (47 عاماً) أن الجمال مسألة شخصية ولا ,0.05,0.1,0.15,0.2,0.25,1.0,1.0,1.0,1.0,1.0
432,كويكب ضخم سيصطدم بمدار كوكب الأرض بعد 5 أيام,0.0588,0.1176,0.1765,0.2353,0.2941,1.0,1.0,1.0,1.0,1.0
433,حارس مرمى تسبب بطرد ٤ مدربين وسكتة قلبية لاّخر بسبب وزنه.,0.05,0.1,0.15,0.2,0.25,1.0,1.0,1.0,1.0,1.0
434,لحظة استهداف طيران البيرقدار التركي لثلاث قياديات من النساء بميليشيات قسد بالأمس,0.0,0.0,0.0,0.0,0.0,0.0,0.0,0.0,0.0,0.0
435,أكدت الدكتورة نعيمة القصير، ممثلة منظمة الصحة العالمية في مصر، أن مصر خالية من ش,0.05,0.1,0.15,0.2,0.25,1.0,1.0,1.0,1.0,1.0
436,أعلنت السلطات الإيطالية، مساء الأحد، عن تسجيل 133 حالة وفاة جديدة بسبب فيروس كور,0.05,0.1,0.15,0.2,0.25,1.0,1.0,1.0,1.0,1.0
437,قائمة أسعار الذهب في مصر صباح يوم الأحد مع بداية تعاملات اليوم 16 أكتوبر 2022، ل,0.0,0.0,0.0,0.0,0.0,0.0,0.0,0.0,0.0,0.0
438,الجزيرة تعتذر لمشاهديها على ما تم بثه أمس الجمعة من مظاهرات قديمة منذ عام 2011 .,0.0,0.0625,0.0625,0.125,0.1875,0.0,0.5,0.3333,0.5,0.6
439,صورة لاستهداف سفينة على بعد 45 ميلا جنوب عدن باليمن الآن وأنباء أولية عن احتراق ,0.05,0.1,0.15,0.2,0.25,1.0,1.0,1.0,1.0,1.0
440,وكالة الفضاء الأميركية (ناسا)تحدد تواريخ الأبراج، وتزيد عددها إلى 13 برجاً، وذلك,0.0526,0.1053,0.1579,0.2105,0.2632,1.0,1.0,1.0,1.0,1.0
441,صرحت أورسولا فون دير لاين، رئيسة المفوضية الأوروبية، بأن الاتحاد الأوروبي مستعد ,0.05,0.1,0.15,0.2,0.25,1.0,1.0,1.0,1.0,1.0
442,الكويت تلتهب وتقترب من الغليان وتسجّل درجات حرارة غير مسبوقة وصلت إلى 73 درجة مئ,0.05,0.1,0.15,0.2,0.25,1.0,1.0,1.0,1.0,1.0
443,أصبحت جريمة قتل طالب في المرحلة الثانوية على يد 3 أشخاص في الشارع العام قضية رأي,0.05,0.1,0.15,0.2,0.25,1.0,1.0,1.0,1.0,1.0
444,اليابان تخطط لبناء أضخم مبنى في التاريخ، ارتفاعه 4 كيلومتر، وعرضه 6 كيلومتر وفيه,0.05,0.1,0.15,0.2,0.25,1.0,1.0,1.0,1.0,1.0
445,بحار تونسي يصطاد أخطبوطًا يزن اكثر من 100 كلغ، وتصدق به على الجيران والمساكين بع,0.05,0.1,0.15,0.2,0.25,1.0,1.0,1.0,1.0,1.0
446,باراك أوباما، أنتوني فاوتشي وميلندا غيتس زاروا مختبراً في مدينة ووهان الصينية عا,0.05,0.1,0.15,0.2,0.25,1.0,1.0,1.0,1.0,1.0
447,"مركز الحرية للإبداع بالإسكندرية: ندوة بعنوان ""دور الدولة والمجتمع المدني في تفعي",0.0,0.0,0.0,0.0,0.0,0.0,0.0,0.0,0.0,0.0
448,البرلمان البريطاني سيناقش ترحيل لاعب كرة القدم النرويجي آرلينغ هالاند، بعد توقيع,0.0526,0.1053,0.1579,0.2105,0.2632,1.0,1.0,1.0,1.0,1.0
449,أما أصول هؤلاء الأطفال، فهي أفريقية في معظمها، حيث أن 10.9% منهم من المغرب الكبي,0.05,0.1,0.15,0.2,0.25,1.0,1.0,1.0,1.0,1.0
450,إلغاء العمل بالتوقيت الصيفي في مصر لعام 2024، بدءًا من يوم الجمعة المُقبل، بقرار,0.05,0.1,0.15,0.2,0.25,1.0,1.0,1.0,1.0,1.0
451,وزير الصحة التركي فخر الدين قوجة أعلن يوم السبت أن عدد وفيات انفجار المنجم في ول,0.0,0.0,0.0,0.0,0.0,0.0,0.0,0.0,0.0,0.0
452,صورة لأول جنيه مصري صدر في إبريل/نيسان عام ١٨٣٤، وكان يساوي سبعة غرامات ذهب أي م,0.0,0.0769,0.1538,0.2308,0.3077,0.0,0.5,0.6667,0.75,0.8
453,800 مليون دولار أُنفقت على المحكمة الدولية الخاصة بلبنان لتنتهي بحكم مؤبد خمس مر,0.05,0.1,0.15,0.2,0.25,1.0,1.0,1.0,1.0,1.0
454,"تحطمت طائرة مقاتلة من طراز ""ميغ-21"" تابعة لـ""الجيش الوطني الليبي"" بقيادة خليفة ح",0.05,0.1,0.15,0.2,0.25,1.0,1.0,1.0,1.0,1.0
455,صرحت الدكتورة ياسمين فؤاد، وزيرة البيئة، بأن مصر تمكنت من القضاء على السحابة الس,0.05,0.1,0.15,0.2,0.25,1.0,1.0,1.0,1.0,1.0
456,جامعة عمان العربية أفصحت عن رغبتها في تعيين أعضاء هيئة تدريس من الحاصلين على درج,0.1667,0.1667,0.1667,0.1667,0.1667,1.0,0.5,0.3333,0.25,0.2
457,"لقي ما لا يقل عن 17 شخصاً حتفهم يوم السبت، جراء انفجار بسبب ""تسرب غاز"" في أحد ال",0.05,0.1,0.15,0.2,0.25,1.0,1.0,1.0,1.0,1.0
458,لبنان، أخبار، إل بي سي آي، علي حمية، وزير الأشغال والنقل، مكتب حمية: 71 شخصاً قض,0.0,0.0,0.0,0.0,0.0,0.0,0.0,0.0,0.0,0.0
459,- أصبح رئيساً للبرازيل في عام 2018 بعد حصوله على أكثر من 55% من الأصوات، متغلباً,0.05,0.1,0.15,0.2,0.25,1.0,1.0,1.0,1.0,1.0
460,سفينة ضخمة تصل إلى ميناء ألانيا حاملة قرابة 1670 إسرائيلي فرّوا من إسرائيل ولجؤو,0.05,0.1,0.15,0.2,0.25,1.0,1.0,1.0,1.0,1.0
461,تعتزم الحكومة إنتاج 3 طرازات جديدة من السيارات الكهربائية من خلال شراكة بين شركة,0.05,0.1,0.15,0.2,0.25,1.0,1.0,1.0,1.0,1.0
463,خبر مقتل 3 شبان سوريين في لبنان لا يستند إلى أي مصدر موثوق,0.0,0.0556,0.1111,0.1667,0.2222,0.0,0.5,0.6667,0.75,0.8
465,تطالب دول التحالف العربي برحيل قوات المنطقة العسكرية الأولى من وادي حضرموت وتجني,0.0,0.0,0.0,0.0,0.0,0.0,0.0,0.0,0.0,0.0
466,البوليس الألماني يصادر 3 خراف من مزرعة شابٍ سوريّ حاول أن يضحّي بهم بنفسه,0.0,0.0,0.0,0.0,0.0,0.0,0.0,0.0,0.0,0.0
467,باراسيتامول P-500 سيتسبب في في وفاتك بعد 5 أيام,0.05,0.1,0.15,0.2,0.25,1.0,1.0,1.0,1.0,1.0
468,سيمون ديلي لاعب ساحل العاج (كوت ديفوار) حصل على بطاقة صفراء في الدقيقة التاسعة م,0.0909,0.1818,0.2727,0.2727,0.2727,1.0,1.0,1.0,0.75,0.6
469,طاقم الدبابة الروسية الذي سحق رتلًا أوكرانيًا كاملاً من 8 مركبات تابعة للناتو,0.05,0.1,0.15,0.2,0.25,1.0,1.0,1.0,1.0,1.0
470,السلسلة المكونة من 15 حلقة تقدم سردًا مشوقًا وإنسانيًا بسيطًا يعبر عن تاريخ مصر ,0.05,0.1,0.15,0.2,0.25,1.0,1.0,1.0,1.0,1.0
471,تم تخفيف الحكم بالسجن من 24 سنة إلى 12، على شاب أميركي يُدعى كاميرون هيرين دهس ب,0.0,0.0909,0.0909,0.1818,0.1818,0.0,0.5,0.3333,0.5,0.4
472,"ألمانيا قدّمت نظام الدفاع الجوي ""إيريس-تي"" إلى أوكرانيا اليوم الثلاثاء، كجزء من ",0.0,0.0909,0.0909,0.1818,0.2727,0.0,0.5,0.3333,0.5,0.6
473,ميلاد يوسف يتعرض للضرب اثر مشاجرة مع 4 شباب في منطقه المزة الدوله في دمشق,0.0,0.0,0.0,0.0,0.3333,0.0,0.0,0.0,0.0,0.2
474,رئيس جمهورية مدغشقر يُعلن أن منظمة الصحة العالمية، عرضت عليه رشوة قدرها 20 مليون,0.0,0.0,0.0,0.0,0.0,0.0,0.0,0.0,0.0,0.0
475,تشييع جنازة ٣٠ طفل من حفظة القرآن قضوا ضحاياغرق اتوبيس بأحد أنهار المدينة,0.0,0.0,0.0,0.0,0.0,0.0,0.0,0.0,0.0,0.0
476,لحظة وقوع زلزال بقوة 7.2 درجة في طاجيكستان قرب الحدود مع الصين,0.0,0.0,0.0,0.0,0.0,0.0,0.0,0.0,0.0,0.0
477,بلغ سعر الذهب اليوم في منتصف التعاملات في الصاغة المصرية نفس المستوى الذي سجلته ,0.0,0.0,0.0,0.0,0.0,0.0,0.0,0.0,0.0,0.0
478,أرسلت الصين اليوم الأربعاء 16 قمراً صناعياً إلى الفضاء من مركز تاييوان لإطلاق ال,0.05,0.1,0.15,0.2,0.25,1.0,1.0,1.0,1.0,1.0
479,الفيفا يخطط لتمديد مباريات كأس العالم في قطر من 90 دقيقة إلى 100 دقيقة,0.0,0.0,0.0,0.0,0.0,0.0,0.0,0.0,0.0,0.0
480,الحد الأدنى لفتح حساب توفير في بنك مصر هو 1500 جنيه، ويتم احتساب العائد على المب,0.05,0.1,0.15,0.2,0.25,1.0,1.0,1.0,1.0,1.0
481,بعد سقوطه من ارتفاع 200 متر أثناء تصويره فيديو في جبل سيسيدا بإيطاليا، وفقاً لـ«,0.05,0.1,0.15,0.2,0.25,1.0,1.0,1.0,1.0,1.0
482,تفوق منتخب السنغال على منتخب تونس بنتيجة 1-0 في مباراة الدور نصف النهائي لبطولة ,0.0,0.0,0.0,0.0,0.0,0.0,0.0,0.0,0.0,0.0
483,فيديو جديد لتعامل قوات جماعة الحوثي مع الأهالي قبل الشروع بوضع المفخخات لتفجير 3,0.05,0.1,0.15,0.2,0.25,1.0,1.0,1.0,1.0,1.0
484,قال مرصد يمني، الأحد، إن 9 جنود قتلوا جراء انفجار لغم زرعه الحوثيون في محافظة صع,0.05,0.1,0.15,0.2,0.25,1.0,1.0,1.0,1.0,1.0
485,رجل من أربيل يبلغ من العمر 82 عاماً وزوجته ذات الـ 61 عاماً رُزقا بمولود.,0.0,0.0,0.0,0.0,0.0,0.0,0.0,0.0,0.0,0.0
486,أصيب ستة مواطنين بجروح، اليوم السبت، جراء استهداف مليشيات الحوثي الأحياء السكنية,0.0,0.0,0.0,0.0,0.2,0.0,0.0,0.0,0.0,0.2
487,شوارع العاصمة عمان شهدت صباح الأحد ازدحامات مرورية شديدة نتيجة عدة حوادث سير، بم,0.05,0.1,0.15,0.2,0.25,1.0,1.0,1.0,1.0,1.0
488,أعلنت وزارة الدفاع الروسية، الثلاثاء، عن عدد الأشخاص الذين انضموا إلى الجيش الرو,0.0625,0.0625,0.0625,0.0625,0.125,1.0,0.5,0.3333,0.25,0.4
489,تقرير حقوقي تم إخفاؤه أصدرته منظمة UN WATCH، يصنف قطر من بين أسوأ 10 دول ستتواجد,0.05,0.1,0.15,0.2,0.25,1.0,1.0,1.0,1.0,1.0
490,نحو 700 إلى ألف مسلم يشاركون في أول صلاة بعد افتتاح الرئيس التركي رجب طيب أردوغا,0.0,0.0,0.0,0.0,0.0,0.0,0.0,0.0,0.0,0.0
491,وزارة الصحة التونسية تصدر مذكرة لغلق المعابر الحدودية مع ليبيا يوم 8 أغسطس/آب ال,0.05,0.1,0.15,0.2,0.25,1.0,1.0,1.0,1.0,1.0
492,صرّح الجنرال كينيث ماكنزي، قائد القيادة المركزية الأمريكية، يوم الثلاثاء، بأن ال,0.05,0.1,0.15,0.2,0.25,1.0,1.0,1.0,1.0,1.0
493,تم الحكم على رئيسي وزراء الجزائر السابقين، عبد المالك سلال ومحمد أويحيى، يوم الإ,0.05,0.1,0.15,0.2,0.25,1.0,1.0,1.0,1.0,1.0
494,ترامب: قضت المحكمة العليا في بنسلفانيا بأنّ انتخابات 2020 كانت مزورة.,0.05,0.1,0.15,0.2,0.25,1.0,1.0,1.0,1.0,1.0
495,فخامة وزير التعليم العالي والبحث العلمي بحكومة الوحدة الوطنية رقم 531 لسنة 2023 ,0.0,0.0,0.0,0.0,0.0,0.0,0.0,0.0,0.0,0.0
496,أحرز العداء السوري عماد بركات المركز الثاني في ماراثون دبي عن فئة 60 عام,0.0,0.0,0.125,0.125,0.25,0.0,0.0,0.3333,0.25,0.4
497,اتهمت السلطات اليمنية بمحافظة مأرب (وسط)، جماعة الحوثي باستهداف الأحياء السكنية ,0.0,0.0,0.0,0.0,0.0,0.0,0.0,0.0,0.0,0.0
498,عقد سامح شكري، وزير الخارجية، اجتماعاً مع جيهون بيراموف وزير خارجية أذربيجان في ,0.0,0.0,0.0,0.0,0.0,0.0,0.0,0.0,0.0,0.0
499,وزارة المالية المصرية تفرض دفع خمس جنيهات عن كل عملية سحب بقيمة 500 جنيه من ماكي,0.05,0.1,0.15,0.2,0.25,1.0,1.0,1.0,1.0,1.0
500,حضرت الممثلة كيت بلانشيت فعاليات مهرجان نيويورك السينمائي الدولي في نسخته الستين,0.0,0.0,0.0,0.0,0.0,0.0,0.0,0.0,0.0,0.0
501,اخر احصائية لسكان المعمورة تظهر أن عدد الذكور 2.2 مليار وعدد الإناث 5.6 مليار,0.05,0.1,0.15,0.2,0.25,1.0,1.0,1.0,1.0,1.0
502,أميركية تجني 20 ألف دولار من بيع حليب ثدييها للأطفال الرضع.,0.0,0.0,0.0,0.0,0.0,0.0,0.0,0.0,0.0,0.0
503,الأهلي بنغازي يتغلب على فريق التلال بنتيجة 3-0.,0.0,0.0,0.0,0.0,0.0,0.0,0.0,0.0,0.0,0.0
504,الجيش المصري اسر 37 الف جندي اثيوبي في الصومال,0.05,0.1,0.15,0.2,0.25,1.0,1.0,1.0,1.0,1.0
505,افتتح محافظ الإسماعيلية ومدير أمن الإسماعيلية ورئيس الغرفة التجارية المعرض في 31,0.05,0.1,0.15,0.2,0.25,1.0,1.0,1.0,1.0,1.0
506,صورتان لشاب سوداني وفتاة مغربية التقيا للمرة الأولى في مونديال قطر 2022، ثم عقدا,0.05,0.1,0.15,0.2,0.25,1.0,1.0,1.0,1.0,1.0
507,افتتحت مراكز التصويت في الانتخابات البرلمانية في تونس أبوابها صباح الأحد، وستستم,0.05,0.1,0.15,0.2,0.25,1.0,1.0,1.0,1.0,1.0
508,باب القيد الذي سيتم إغلاقه في مصر يوم 10 أكتوبر الحالي، وسيُعاد فتحه خلال فترة ا,0.0,0.0,0.0,0.0,0.0,0.0,0.0,0.0,0.0,0.0
509,مقطع فيديو لتركي آل الشيخ يظهر فيه وهو يتحدث عن خسارة نادي ألميريا أمام ريال مدر,0.05,0.1,0.15,0.2,0.25,1.0,1.0,1.0,1.0,1.0
510,انتهت مباراة المنتخب المغربي ضد منتخب الباراغواي بالتعادل السلبي 0-0 ضمن تحضيرات,0.0,0.0,0.0,0.0,0.0,0.0,0.0,0.0,0.0,0.0
511,الجيش الصومالي أعلن عن تصفية 20 فردًا من عناصر مليشيات الشباب المرتبطة بتنظيم ال,0.25,0.25,0.25,0.5,0.5,1.0,0.5,0.3333,0.5,0.4
512,"إحصائية : أفضل 40 دولة واجهت ""كورونا"" خالية من العرب",0.0526,0.1053,0.1579,0.2105,0.2632,1.0,1.0,1.0,1.0,1.0
513,"خبر عاجل في قناة الجزيرة ""الإمارات تطلق مسبار نحو المريخ بعد 869 يوم على مقتل جم",0.05,0.1,0.15,0.2,0.25,1.0,1.0,1.0,1.0,1.0
514,كما تم الحُكم على المسؤول الإعلامي للممثلة الفرنسية السابقة التي تبلغ من العمر 8,0.05,0.1,0.15,0.2,0.25,1.0,1.0,1.0,1.0,1.0
515,منتخب ألمانيا حصل على اللقب العالمي 4 مرات (1954 و1974 و1990 و2014)، وهو نفس عدد,0.05,0.1,0.15,0.2,0.25,1.0,1.0,1.0,1.0,1.0
516,عاجل الرئيس التشادي محمد ادريس ديمبي يوجهة رسائل للقبائل الحدودية مع السودان بعد,0.0,0.0,0.0,0.0,0.5,0.0,0.0,0.0,0.0,0.2
517,وثيقة تظهر أن جورج قرداحي حصل على أكثر من مليون دولار من إم بي سي مكافئة نهاية ا,0.0,0.0,0.0,0.0,0.0,0.0,0.0,0.0,0.0,0.0
518,الجزائر تستعد لإنجاز فيلم عن رئيس الأركان السابق أحمد قايد صالح بقيمة 45 مليار س,0.0556,0.1111,0.1667,0.2222,0.2778,1.0,1.0,1.0,1.0,1.0
519,أفادت مصادر محلية متطابقة بوقوع اشتباكات عنيفة في مدينة غريان، التي تقع على بعد ,0.05,0.1,0.15,0.2,0.25,1.0,1.0,1.0,1.0,1.0
520,‏صورٌ لمسجدٍ بُني في مدينة شيآن الصينية قبل 700 سنة، وبنته عائلة مينغ الحاكمة آن,0.0,0.0,0.0,0.0,0.0,0.0,0.0,0.0,0.0,0.0
521,نعت وزارة التعليم العالي المصرية، الأحد، فينيس كامل جودة، وزيرة البحث العلمي الس,0.05,0.1,0.15,0.2,0.25,1.0,1.0,1.0,1.0,1.0
522,الحكم على وسيم يوسف بالسجن 5 سنوات وغرامة 300 ألف درهم إماراتي.,0.0556,0.1111,0.1667,0.2222,0.2778,1.0,1.0,1.0,1.0,1.0
523,أصدرت محكمة جنايات سوهاج، اليوم الثلاثاء، حكماً بالسجن المؤبد على 3 أشخاص لمحاول,0.0,0.0,0.0,0.0,0.0,0.0,0.0,0.0,0.0,0.0
524,طبيب إيطالي يُحذّر من لقاح كورونا وأنه خطة لإبادة 80٪؜ من سكان الأرض,0.05,0.1,0.15,0.2,0.25,1.0,1.0,1.0,1.0,1.0
525,غير أن الأزمة المستمرة بين الجزائر والمغرب، اللذين يتنازعان منذ عقود بشأن الصحرا,0.05,0.1,0.15,0.2,0.25,1.0,1.0,1.0,1.0,1.0
526,مليون ونصف المليون امرأة عازبة في العاصمة السورية دمشق,0.0,0.0,0.0,0.0,0.0,0.0,0.0,0.0,0.0,0.0
527,مانشستر سيتي الإنجليزي هو أكثر فريق تم استدعاء لاعبين منه، بـ16 لاعبًا، للمشاركة,0.1667,0.1667,0.1667,0.1667,0.1667,1.0,0.5,0.3333,0.25,0.2
528,ترامب يُعلن أنه سيصادر 90% من أموال سياسيي الشرق الأوسط وأفريقيا المودعة في البن,0.05,0.1,0.15,0.2,0.25,1.0,1.0,1.0,1.0,1.0
529,عثرت مباحث الجيزة على جثة طفلة تبلغ من العمر 3 سنوات في منطقة أبو النمرس، تبين أ,0.0909,0.1818,0.2727,0.3636,0.3636,1.0,1.0,1.0,1.0,0.8
530,هز زلزال بقوة 4.8 درجة على مقياس ريختر، اليوم الثلاثاء، مركزه على عمق 10 كيلومتر,0.05,0.1,0.15,0.2,0.25,1.0,1.0,1.0,1.0,1.0
531,افتتح رئيس الوزراء بشر الخصاونة، يوم السبت، مستشفى الطفيلة الحكومي في جنوب الأرد,0.05,0.1,0.15,0.2,0.25,1.0,1.0,1.0,1.0,1.0
532,أقلعت أول طائرة لنقل الأسرى الحوثيين إلى اليمن ضمن المبادرة الإنسانية السعودية، ,0.05,0.1,0.15,0.2,0.25,1.0,1.0,1.0,1.0,1.0
533,وزير التجارة الداخلية السوري: المؤسسة السورية للتجارة هي أكبر سلسلة تجارية في ال,0.0,0.125,0.125,0.25,0.25,0.0,0.5,0.3333,0.5,0.4
534,"في 11 مارس/آذار 2012، قررت اللجنة المركزية لحركة ""فتح"" فصل القدوة من الحركة بسبب",0.05,0.1,0.15,0.2,0.25,1.0,1.0,1.0,1.0,1.0
535,أعفت روسيا الدول الأفريقية من ديون بقيمة 20 مليار دولار، وهو ما لا تفعله الدول ا,0.0,0.0667,0.1333,0.2,0.2667,0.0,0.5,0.6667,0.75,0.8
536,يُحتفل باليوم العالمي للبريد في الـ9 من أكتوبر من كل عام، وهو قرار تم اتخاذه خلا,0.05,0.1,0.15,0.2,0.25,1.0,1.0,1.0,1.0,1.0
537,فوز السنغال على بوليفيا 2-0 في مباراة ودية.. وماني يحقق رقماً قياسياً تاريخياً م,0.0,0.0,0.0,0.0,0.0,0.0,0.0,0.0,0.0,0.0
538,قطر تعلن عن تعطيل الدوام الرسمي لمدة شهر ابتداءً من يوم السبت القادم لإتاحة الفر,0.0,0.0,0.0,0.0,0.0,0.0,0.0,0.0,0.0,0.0
540,صحيفة ليكيب الفرنسية: مبروك على المغرب تنظيم كأس الأمم الأفريقية 2025.,0.0,0.0,0.0,0.0,0.0,0.0,0.0,0.0,0.0,0.0
541,صرحت زهراء ارشادي، نائب مندوب إيران لدى الأمم المتحدة، بأن إيران استقبلت أكثر من,0.05,0.1,0.15,0.2,0.25,1.0,1.0,1.0,1.0,1.0
542,صور لأول مغسل سيارات يعمل على خدمة السيدات في دمشق، بطاقم نسائي وبتكلفة 3500 لير,0.0556,0.1111,0.1667,0.2222,0.2778,1.0,1.0,1.0,1.0,1.0
543,مباراة بورتو × باير ليفركوزن، تُقام في الساعة العاشرة مساءً، وتُبث على قناة beIN,0.0,0.0,0.0,0.0,0.0,0.0,0.0,0.0,0.0,0.0
544,وزير المالية الاسرائيلي: منحنا الشخص الذي وشى للجيش بموقع السنوار في منطقة تل ال,0.0,0.0,0.0,0.0,0.0,0.0,0.0,0.0,0.0,0.0
545,"ميلانيا ترامب ترفع قضية طلاق ضد دونالد ترامب وتطالب بتعويض 50 مليون دولار.

ميلا",0.0556,0.1111,0.1667,0.2222,0.2778,1.0,1.0,1.0,1.0,1.0
546,"""لقد لعبنا من أجل الفوز على ليفربول اليوم، بالتأكيد كان هذا هدفنا. وبعد الهزيمة ",0.05,0.1,0.15,0.2,0.25,1.0,1.0,1.0,1.0,1.0
547,صورة لآثار زلزال بقوة 5.5 درجة على مقياس ريختر ضرب منطقة بجاية شرقي الجزائر يوم ,0.05,0.1,0.15,0.2,0.25,1.0,1.0,1.0,1.0,1.0
548,انتشل الهلال الأحمر فرع صبراتة الجمعة 14 جثة مهاجر غير قتلوا على شاطئ المدينة عل,0.0,0.0,0.0,0.5,0.5,0.0,0.0,0.0,0.25,0.2
549,"حركة ""طالبان"" التي سيطرت على السلطة في أفغانستان طلبت من المجتمع الدولي منحها مد",0.05,0.1,0.15,0.2,0.25,1.0,1.0,1.0,1.0,1.0
550,احتراق 140 عاملة في مصنع بأميركا بعد إغلاق الأبواب عليهن، كان السبب وراء الاحتفا,0.0526,0.0526,0.1053,0.1579,0.2105,1.0,0.5,0.6667,0.75,0.8
551,شهر شباط/فبراير الحالي لا يتكرّر سوى مرّة كلّ 823 يوماً,0.05,0.1,0.15,0.2,0.25,1.0,1.0,1.0,1.0,1.0
552,في عام 1976، في البيت الأبيض ظهر الرئيس جيرالد فورد على الشاشات وهو يتلقى لقاح إ,0.05,0.1,0.15,0.2,0.25,1.0,1.0,1.0,1.0,1.0
553,قررت النيابة العامة حبس متهم بتجارة 295 قطعة يُشتبه في أثريتها في مركز ميت غمر ب,0.05,0.1,0.15,0.2,0.25,1.0,1.0,1.0,1.0,1.0
554,فيضان ليبيا وفات اكثر من 2000 شخص انا لله وانا إليه راجعون,0.0,0.0,0.0,0.0,0.0,0.0,0.0,0.0,0.0,0.0
555,"""وفود 40 دولة إفريقية في موسكو اليوم: روسيا المعزولة""",0.0526,0.1053,0.1579,0.2105,0.2632,1.0,1.0,1.0,1.0,1.0
556,كشفت المملكة العربية السعودية، اليوم السبت، عن استثمار يزيد على 40 مليار ريال سع,0.05,0.1,0.15,0.2,0.25,1.0,1.0,1.0,1.0,1.0
557,جميلة كسيكسي: خبر مؤكد البرلمان سيعود يوم خمسة فبراير/شباط 2022 وأول جلسة ستكون ,0.05,0.1,0.15,0.2,0.25,1.0,1.0,1.0,1.0,1.0
558,تحديد مهر الزواج في عُمان بقيمة أربعة آلاف ريال في سلطنة عمان، والسجن عقوبة من ي,0.0556,0.1111,0.1667,0.2222,0.2778,1.0,1.0,1.0,1.0,1.0
559,هذه الصورة تعود لعام 1940م في فرنسا حيث كان يتم وضع الأطفال الرُّضع الغير مرغوب ,0.0,0.0,0.0,0.0,0.0,0.0,0.0,0.0,0.0,0.0
560,الدنمارك شاركت في كأس العالم 1982 وكانت مع البرازيل وبولندا والمكسيك في مجموعة و,0.0,0.0556,0.1111,0.1667,0.1667,0.0,0.5,0.6667,0.75,0.6
561,أفادت الصين اليوم الجمعة بنجاحها في إطلاق 13 قمراً صناعياً إلى المدار من مركز تا,0.05,0.1,0.15,0.2,0.25,1.0,1.0,1.0,1.0,1.0
562,أنجزت شركة مصر الوسطى لتوزيع الكهرباء 100% من مشروعات الكهرباء في منطقة مصر الوس,0.05,0.1,0.15,0.2,0.25,1.0,1.0,1.0,1.0,1.0
563,ضمن أولمبياد طوكيو 2020، السعودي علي رضا يصل بعد أكثر من ساعة عن منافسيه في رياض,0.0588,0.1176,0.1765,0.2353,0.2941,1.0,1.0,1.0,1.0,1.0
564,وكالات رسمية : كويكب يُهدد الأرض في 27 أيار المقبل .,0.05,0.1,0.15,0.2,0.25,1.0,1.0,1.0,1.0,1.0
565,دجاج الجيش، يأخذه السوريون لمطاعمهم ويبيعونه بمبلغ 100 جنيه مصري للواحدة.,0.0588,0.1176,0.1765,0.2353,0.2941,1.0,1.0,1.0,1.0,1.0
566,نجحت الأجهزة الأمنية في القاهرة في القبض على شخصين لتشاجرهما في مدينة 15 مايو، و,0.0,0.0,0.0,0.0,0.0,0.0,0.0,0.0,0.0,0.0
567,""" محمد رشوان "" سبب شهرته يرجع لأولمبيّاد لوس أنجلوس 1984 , محمد رشوان وصل للنهائ",0.0526,0.0526,0.1053,0.1579,0.2105,1.0,0.5,0.6667,0.75,0.8
568,مقتل خمسة أشخاص من أهالي قرية (الطريف) بريف دير الزور شرقي سوريا برصاص مجهولين أ,0.0,0.0,0.0,0.125,0.25,0.0,0.0,0.0,0.25,0.4
569,تصنيف ورقة نقدية قديمة من فئة 500 ليرة سورية ضمن أجمل أوراق النقود في العالم، وذ,0.0,0.0,0.0,0.0,0.0,0.0,0.0,0.0,0.0,0.0
570,بعد ثلاثة أيام من سقوط الطائرة الإندونيسية، فرق الإنقاذ تعثر على رضيع عائم في ال,0.0,0.0,0.0,0.0,0.0,0.0,0.0,0.0,0.0,0.0
571,من المتوقع أن تُبث مباراة منتخب مصر والنيجر اليوم على قناة ON Time Sport 1 في ال,0.05,0.1,0.15,0.2,0.25,1.0,1.0,1.0,1.0,1.0
572,"صرّح وزير البترول المصري الأسبق، أسامة كمال، أن ""مصر كانت مديونة بمبلغ 6.5 مليار",0.05,0.1,0.15,0.2,0.25,1.0,1.0,1.0,1.0,1.0
573,أول كرسي تدليك في التاريخ، صُنع عام 1992 وموجود في القصر الملكي البريطاني.,0.05,0.1,0.15,0.2,0.25,1.0,1.0,1.0,1.0,1.0
574,صور حديثة من مسجد الحسن الثاني في الدار البيضاء، حيث تجاوز عدد المصلين 800 ألف م,0.05,0.1,0.15,0.2,0.25,1.0,1.0,1.0,1.0,1.0
575,مواطن من ولاية القصرين يعثر على كنز من الذهب قيمته سبعة مليار دولار ويسلمه للأمن,0.0769,0.0769,0.1538,0.1538,0.1538,1.0,0.5,0.6667,0.5,0.4
576,روسيا تستبدل 100 ألف جندي من عناصر جيشها بروبوتات ذات الأداء العالي,0.05,0.1,0.15,0.2,0.25,1.0,1.0,1.0,1.0,1.0
577,تجدر الإشارة إلى أن فريق أتلتيكو مدريد يتمركز في المركز الخامس في الدوري الإسبان,0.05,0.1,0.15,0.2,0.25,1.0,1.0,1.0,1.0,1.0
578,الصحف الصينية كتبت أن طريقًا سريعًا انهار في أحد شوارعها الرئيسية، فسارعت الحكوم,0.05,0.1,0.15,0.2,0.25,1.0,1.0,1.0,1.0,1.0
579,تركيا تقول إن لديها أوراق ثبوتية ووثائق تثبت إن هنالك 15 قرية في ريف إدلب الجنوب,0.0,0.0,0.0,0.0,0.0,0.0,0.0,0.0,0.0,0.0
580,صورة لآرلينغ هالاند مرتديًا قميص أشتون يونايتد، مع خبر مفاده أن نادي مانشستر سيت,0.05,0.1,0.15,0.2,0.25,1.0,1.0,1.0,1.0,1.0
581,ليفربول في المركز الثاني برصيد 9 نقاط خلف نابولي المتصدر بـ12 نقطة، بينما رينجرز,0.0526,0.1053,0.1579,0.2105,0.2105,1.0,1.0,1.0,1.0,0.8
582,ضرب زلزال بقوة 4.3 درجة على مقياس ريختر مساء الأحد مدينة لنكرود في محافظة كيلان ,0.05,0.1,0.15,0.2,0.25,1.0,1.0,1.0,1.0,1.0
583,لقاء يجمع مبعوث الولايات المتحدة الامريكية بالسيد مقتدى الصدر في العاصمة العراقي,0.0714,0.0714,0.1429,0.2143,0.2857,1.0,0.5,0.6667,0.75,0.8
584,تعامل مركز الاتصال الموحد التابع لأمانة عمان الكبرى مع 228832 مكالمة منذ بداية ا,0.05,0.1,0.15,0.2,0.25,1.0,1.0,1.0,1.0,1.0
585,دكتور خوري: 300 ألف إلى نصف مليون اصابة كورونا في لبنان,0.05,0.1,0.15,0.2,0.25,1.0,1.0,1.0,1.0,1.0
586,انطلقت الدورة الثالثة من مهرجان الكويت السينمائي في مكتبة الكويت الوطنية بمشاركة,0.05,0.1,0.15,0.2,0.25,1.0,1.0,1.0,1.0,1.0
587,الفنانة اللبنانية ميريام فارس تعود إلى التمثيل بعد انقطاع استمر 7 سنوات من خلال ,0.05,0.1,0.15,0.2,0.25,1.0,1.0,1.0,1.0,1.0
588,- قيمة المنحة: 750 ألف دينار كويتي (2.5 مليون دولار). - المشروع: إنشاء خط سكة حد,0.0,0.0,0.0,0.0,0.0,0.0,0.0,0.0,0.0,0.0
589,ثلج في الحرم اللهم بارك وزد اليوم الاحد 12جانفي 2020,0.0526,0.1053,0.1579,0.2105,0.2632,1.0,1.0,1.0,1.0,1.0
590,تصدر العراق المرتبة الأولى عربياً والثانية عالمياً في قائمة أسرع اقتصادات العالم,0.0,0.0,0.125,0.125,0.125,0.0,0.0,0.3333,0.25,0.2
591,الخبر المفرح المنتظر لأصحاب المعاشات زيادة 1400 جنيه لكل المعاشات قبل العيد,0.05,0.1,0.15,0.2,0.25,1.0,1.0,1.0,1.0,1.0
592,عجوز أنيق في عمر ال 104 عام وسر أناقته انه لم يتزوج.,0.0556,0.1111,0.1667,0.2222,0.2778,1.0,1.0,1.0,1.0,1.0
593,صورة من سنة 1955 أثناء احتلال الفرنسي للكونغو حين أتى أب بطفل أفريقي لأبناءه للت,0.0,0.0,0.0,0.0,0.0,0.0,0.0,0.0,0.0,0.0
594,الاتحاد الأوروبي يدعو إلى تحويل الهدنة في اليمن إلى اتفاق سلام دائم.,0.0526,0.1053,0.1579,0.2105,0.2632,1.0,1.0,1.0,1.0,1.0
595,مقطع فيديو يظهر فيضانات وسيول جارفة في منطقة الشوبك الأردنية يوم 15 ديسمبر/كانون,0.05,0.1,0.15,0.2,0.25,1.0,1.0,1.0,1.0,1.0
596,أشار الرئيس عبدالفتاح السيسي إلى ذكرياته حول بعض الأحداث المهمة والمؤثرة التي عا,0.05,0.1,0.15,0.2,0.25,1.0,1.0,1.0,1.0,1.0
597,لأوّل مرة تصوير قبر الرسول من الداخل 2024,0.0909,0.1818,0.1818,0.2727,0.2727,1.0,1.0,0.6667,0.75,0.6
598,ادّعاء زائف بأن منظمة الصحة العالمية أعلنت أن فيروس كورونا سينتهي في ابريل 2021,0.05,0.1,0.15,0.2,0.25,1.0,1.0,1.0,1.0,1.0
599,نشر مصرف ليبيا المركزي في طرابلس تقريره الشهري حول الإيرادات والإنفاق العام، وال,0.05,0.1,0.15,0.2,0.25,1.0,1.0,1.0,1.0,1.0
600,كل من وصله هذا الفيديو فله منا شيك وقد وصلت امواله الى البنك يجب مشاركة المنشور ,0.05,0.1,0.15,0.2,0.25,1.0,1.0,1.0,1.0,1.0
601,تستعد أنغام لإحياء حفل غنائي في الكويت بمشاركة المطرب وائل جسار يوم الخميس 14 نو,0.05,0.1,0.15,0.2,0.25,1.0,1.0,1.0,1.0,1.0
602,فيديو لأم ألمانية قامت بتهريب سلاح داخل المحكمة، وأطلقت 7 رصاصات على المجرم الذي,0.5,0.5,0.5,0.5,0.5,1.0,0.5,0.3333,0.25,0.2
603,"أرسلت الصين يوم الثلاثاء الموافق 25 يونيو 2019 قمراً صناعياً جديداً ضمن نظام ""با",0.0,0.0,0.0,0.0,0.0,0.0,0.0,0.0,0.0,0.0
604,نجحت القوات الأمنية الليبية في إنقاذ 7 رهائن من جنسيات متعددة، من بينهم مواطنون ,0.05,0.1,0.15,0.2,0.25,1.0,1.0,1.0,1.0,1.0
605,الحد الأعلى لهذا النوع من التمويل يصل إلى 2 مليون ريال سعودي، وهو متاح لكل من ال,0.0,0.0,0.0,0.0,0.0,0.0,0.0,0.0,0.0,0.0
606,تنبأ الأديب المصري الدكتور أحمد خالد توفيق بفايروس كورونا المستجد، ونشر في كتابه,0.05,0.1,0.15,0.2,0.25,1.0,1.0,1.0,1.0,1.0
607,تم العثور صباح اليوم الجمعة على 3 جثث من قِبل فرق البحث أثناء عمليات رفع الأنقاض,0.05,0.1,0.15,0.2,0.25,1.0,1.0,1.0,1.0,1.0
608,"""مصدر عسكري كشف عن إخلاء الولايات المتحدة الأمريكية 3 من قواعدها العسكرية في سور",0.0526,0.1053,0.1579,0.2105,0.2105,1.0,1.0,1.0,1.0,0.8
609,ليونيل سكالوني: 70‏ في المئة من الجماهير التي تأتي لمشاهدة مباريات الأرجنتين، هي,0.0526,0.1053,0.1579,0.2105,0.2632,1.0,1.0,1.0,1.0,1.0
610,وصل عدد ضحايا الفيضانات التي اجتاحت 3 ولايات في شمال تركيا الأسبوع الماضي إلى 70,0.05,0.1,0.15,0.2,0.25,1.0,1.0,1.0,1.0,1.0
611,لكن سعيّد، الذي بدأ فترة ولايته الرئاسية التي تستمر خمس سنوات في عام 2019، يعتبر,0.05,0.1,0.15,0.2,0.25,1.0,1.0,1.0,1.0,1.0
612,بينما بدأت كل من العراق ومصر وتركيا وتونس شهر شعبان يوم الأحد 14 آذار، فإنها ستت,0.0,0.0,0.25,0.25,0.25,0.0,0.0,0.3333,0.25,0.2
613,سجل سعر صرف العملات الأجنبية مقابل الشيكل صباح اليوم الأحد 9 أكتوبر/تشرين الأول ,0.0,0.0,0.0,0.0,0.0,0.0,0.0,0.0,0.0,0.0
614,قُتل شخص وأصيب 11 آخرون في حادث إطلاق نار وقع أمس السبت في مبنى وسط مدينة واترلو,0.05,0.1,0.15,0.2,0.25,1.0,1.0,1.0,1.0,1.0
615,عرض ليونيل ميسي حذاءه الذي لعب به بطولة كأس العالم الفائت بمزاد علني وقيام أحد ا,0.05,0.1,0.15,0.2,0.25,1.0,1.0,1.0,1.0,1.0
616,أفادت وسائل إعلام سنغالية صباح اليوم الخميس بوفاة 11 رضيعا نتيجة حريق في مستشفى ,0.05,0.1,0.15,0.2,0.25,1.0,1.0,1.0,1.0,1.0
617,أوضح بيان المركزي بشأن الإيرادات والمصروفات إحالة 15.1 مليار إلى مراقبات الخدمات,0.05,0.1,0.15,0.2,0.25,1.0,1.0,1.0,1.0,1.0
618,بشروا يا مصريين ... الإيكونوميست البريطانية تفاجئ العالم وتعلن أن الجنيه المصري ,0.05,0.1,0.15,0.2,0.25,1.0,1.0,1.0,1.0,1.0
619,جزيرة صغيرة في السويد تسكنها ثلاث عائلات، ويتغير شكلها مع تغير فصول السنة.,0.0667,0.1333,0.1333,0.2,0.2667,1.0,1.0,0.6667,0.75,0.8
620,بخاخ تنظيف الرئتين و التخلص من التدخين الأصلي مضمون 100%,0.05,0.1,0.15,0.2,0.25,1.0,1.0,1.0,1.0,1.0
621,الفيفا يجمّد تأهل منتخبي تونس والكاميرون إلى كأس العالم قطر 2022، ويُعلن تأهل من,0.05,0.1,0.15,0.2,0.25,1.0,1.0,1.0,1.0,1.0
622,لقي ما لا يقل عن ثمانية أشخاص مصرعهم وأصيب العشرات بجروح اليوم السبت نتيجة زلزال,0.05,0.1,0.15,0.2,0.25,1.0,1.0,1.0,1.0,1.0
623,فيديو يظهر قصف طائرة مسيرة تركية لسيارة كانت تقل ثلاث قياديات من قوات سوريا الدي,0.0,0.0,0.0,0.0,0.0,0.0,0.0,0.0,0.0,0.0
624,الجيش الليبي يستهدف 14طائرة تركية بأسلحة ثقيلة ورشاشات أثناء دخولها الأراضي علي ,0.05,0.1,0.15,0.2,0.25,1.0,1.0,1.0,1.0,1.0
625,من تشييع الجندي المصري الذي استشهد أمس، بعد ان قتل 3 جنود,0.0,0.0,0.0,0.0,0.0,0.0,0.0,0.0,0.0,0.0
626,أفاد مصدر في محافظة طرطوس غرب سوريا بأن 24 شخصًا لقوا حتفهم وأصيب 15 آخرون جراء ,0.0,0.0,0.0,0.0,0.0,0.0,0.0,0.0,0.0,0.0
627,أفادت قناة سكاي نيوز عربية اليوم الخميس أن 36 نائبًا صوتوا لصالح ميشال معوض في ج,0.0,0.0,0.0,0.0,0.0,0.0,0.0,0.0,0.0,0.0
628,مجلس الوزراء الفلسطيني يُقرّ إجازة لثلاثة أسابيع لطلبة المدارس.,0.0625,0.125,0.125,0.1875,0.25,1.0,1.0,0.6667,0.75,0.8
629,"شرع فرع وزارة الشؤون الاجتماعية في سرت بتوزيع ستة آلاف بطاقة ""إيفاء"" المخصصة لمن",0.05,0.1,0.15,0.2,0.25,1.0,1.0,1.0,1.0,1.0
630,ولادة طفل بأسنان كاملة كما صرح مختصون في جراحة الأسنان أن أسنان الطفل في حالة نم,0.05,0.1,0.15,0.2,0.25,1.0,1.0,1.0,1.0,1.0
631,قالت الأمم المتحدة يوم الثلاثاء إن أكثر من 4235 أوكرانيًا قتلوا منذ بدء العمليات,0.0,0.0,0.0,0.0,0.0,0.0,0.0,0.0,0.0,0.0
632,كما قدمت تبرعًا بقيمة 10 ملايين يورو لمؤسسة التراث في فرنسا عقب حريق كاتدرائية ن,0.05,0.1,0.15,0.2,0.25,1.0,1.0,1.0,1.0,1.0
633,جاءت اليمن في المرتبة الأولى في العالم في تصنيف أكبر جيوش العالم من ناحية عدد ال,0.05,0.1,0.15,0.2,0.25,1.0,1.0,1.0,1.0,1.0
634,أميمة قدور، زوجة الشاب السوري علي عيسى، تنجب في أول حمل لها خمسة توائم.,0.0526,0.1053,0.1579,0.2105,0.2632,1.0,1.0,1.0,1.0,1.0
635,مكان العمل: مكتب الجمعية - الشقة رقم 7 - الطابق الرابع - عمارة حبوب - شارع النصر,0.05,0.1,0.15,0.2,0.25,1.0,1.0,1.0,1.0,1.0
636,لحظة تدمير المقاومة الفلسطينية شاحنة إسرائيلية محملة بأسلحة وذخائر شرقي قطاع غزة,0.05,0.1,0.15,0.2,0.25,1.0,1.0,1.0,1.0,1.0
637,توفي سعيد صباح يوم الجمعة الموافق 1 أغسطس 2014 نتيجة أزمة قلبية حادة، وتم دفنه ف,0.0,0.0,0.0,0.0,0.0,0.0,0.0,0.0,0.0,0.0
638,البرلمان العراقي يقرر صرف منحة طوارئ لأعضائه مقدارها (خمسة عشر مليون دينار) لإعا,0.05,0.1,0.15,0.2,0.25,1.0,1.0,1.0,1.0,1.0
639,الشيخ تميم بن حمد آل ثاني يُهدي محمد أبو تريكة قميص منتخب قطر، إشارة لكأس العالم,0.0,0.0,0.0,0.0,0.0,0.0,0.0,0.0,0.0,0.0
640,العديد من الأشخاص في إيران يواجهون عقوبة الإعدام حاليًا، من بينهم ثلاثة كانوا دو,0.0667,0.0667,0.0667,0.1333,0.2,1.0,0.5,0.3333,0.5,0.6
641,صورة لمنزل كبير مفتشي التموين في محافظة الإسماعيلية فى مصر، بعد القبض عليه واقتح,0.05,0.1,0.15,0.2,0.25,1.0,1.0,1.0,1.0,1.0
642,لم تعد هذه الحوادث غريبة في لبنان، حيث اقتحم المودع اللبناني علي الساحلي مصرف BL,0.0,0.0,0.0,0.0,0.0,0.0,0.0,0.0,0.0,0.0
643,وقع زلزال بقوة 6 درجات يوم الاثنين شرق تايوان في مقاطعة هوالين، بحسب المعهد الأم,0.05,0.1,0.15,0.2,0.25,1.0,1.0,1.0,1.0,1.0
644,تركيا تفتح بوابات سد «أليسو» على آخرها لتنطلق منها المياه باتجاه العراق بواقع 10,0.0,0.0,0.0,0.0,0.0,0.0,0.0,0.0,0.0,0.0
645,توفي هيثم أحمد زكي صباح يوم الخميس الماضي عن عمر 35 عامًا نتيجة هبوط حاد في الدو,0.05,0.1,0.15,0.2,0.25,1.0,1.0,1.0,1.0,1.0
646,صرح المركز الوطني لمكافحة الأمراض بأنه لم يتم تسجيل أي إصابات جديدة بفيروس كورون,0.05,0.1,0.15,0.2,0.25,1.0,1.0,1.0,1.0,1.0
647,يهدف المشروع إلى إضافة 600 ألف فدان من الأراضي الزراعية، مع إمكانية الوصول إلى م,0.0556,0.1111,0.1667,0.2222,0.2778,1.0,1.0,1.0,1.0,1.0
648,تناول المزيج المكون من طحين قشور 7 حبات بيض مع 50 غرام عسل يعالج مشاكل الجهاز ال,0.05,0.1,0.15,0.2,0.25,1.0,1.0,1.0,1.0,1.0
649,صورة ثلاثة أطفال يمنيين قتلوا بهجوم من الحوثيين على منزل في مدينة رداع في محافظة,0.0556,0.1111,0.1667,0.2222,0.2778,1.0,1.0,1.0,1.0,1.0
650,الوحدة نيوز/ رصدت غرفة عمليات ضباط الارتباط والتنسيق 49 خرقاً للعدوان في محافظة ,0.05,0.1,0.15,0.2,0.25,1.0,1.0,1.0,1.0,1.0
651,بحسب مؤشر العنصرية والتحريض لعام 2020، انخفاض التحريض ضد العرب بعد اتّفاقية التط,0.0,0.0,0.0,0.0,0.0,0.0,0.0,0.0,0.0,0.0
